id,apartmentImage,apartmentAdvertTitle,apartmentSize,numberOfApartmentRooms,apartmentPrice,apartmentPropertyType,apartmentLocation,apartmentAdvertDate
1,https://hecdn01.hemlak.com/mncropresize/182/137/ds01/4/6/8/1/3/7/0/4/-oEz36D-cmPFxccSgXSmU.jpg,devren kiralÄ±k istoÃ§ta hazÄ±r yapÄ±lÄ± horeca ekipmanlarÄ± showroom maÄŸaza,202 mÂ²,,2.100.000 â‚º,KiralÄ±k,BaÄŸcÄ±lar,03-05-2023
2,https://hecdn01.hemlak.com/mncropresize/182/137/ds01/8/5/0/1/8/6/0/4/1682337784170-40681058.jpg,Ã§apa ÅŸehreminide 2+1 kiralÄ±k eÅŸyalÄ± daire yabancÄ±ya uygun,110 mÂ²,2 + 1,12.000 â‚º,Sahibinden KiralÄ±k Daire,Fatih,28-04-2023
3,https://hecdn01.hemlak.com/mncropresize/182/137/ds01/2/0/0/0/3/0/0/4/1680976102-455617-40030002.jpeg,istanbul ÅŸiÅŸliâ€™de gÃ¼nlÃ¼k kiralÄ±k residance daire  instagram id. @luxury_houses_in_istanbul,360 mÂ²,3 + 1,6.000 â‚º,GÃ¼nlÃ¼k KiralÄ±k,ÅiÅŸli,18-04-2023
4,https://hecdn01.hemlak.com/mncropresize/182/137/ds01/6/7/1/5/4/7/0/4/41ee6754-88ad-4d24-bf79-43d5c9cc71ad.jpeg,merter kenan yazÄ±cÄ±'da 3+1 sahibinden satÄ±lÄ±k.130m2 asansÃ¶rlÃ¼,130 mÂ²,3 + 1,3.600.000 â‚º,Sahibinden SatÄ±lÄ±k Daire,GÃ¼ngÃ¶ren,05-05-2023
5,https://hecdn01.hemlak.com/mncropresize/182/137/ds01/4/7/7/5/4/7/0/4/1683359756-452131-40745774.jpeg,sahibinden bahÃ§eli bahÃ§e katÄ±,180 mÂ²,2 + 2,1.850.000 â‚º,Sahibinden SatÄ±lÄ±k Daire,Ãœmraniye,06-05-2023
6,https://hecdn01.hemlak.com/mncropresize/182/137/ds01/3/5/2/5/4/7/0/4/4db69e96-d288-48f7-9086-2518f3ec39e4.jpeg,yabancÄ± satÄ±ÅŸÄ±na uygundur 3+1 yeni bina 185m2 bÃ¼rÃ¼t,180 mÂ²,3 + 1,6.400.000 â‚º,Sahibinden SatÄ±lÄ±k Daire,Kartal,06-05-2023
7,https://hecdn01.hemlak.com/mncropresize/182/137/ds01/0/8/1/5/4/7/0/4/60ea0f7b-4405-4081-b395-b497e4155b0a.jpeg,sahibinden satÄ±lÄ±k beylikdÃ¼zÃ¼ne yakÄ±n metrobÃ¼se yakÄ±n 2+1 daire,115 mÂ²,2 + 1,1.650.000 â‚º,Sahibinden SatÄ±lÄ±k Daire,Esenyurt,05-05-2023
8,https://hecdn01.hemlak.com/mncropresize/182/137/ds01/7/5/1/5/4/7/0/4/3964f4b4-c59b-407e-be30-60051948c14e.jpeg,oda/room in abbasaÄŸa-beÅŸiktaÅŸ,25 mÂ²,3 + 1,6.500 â‚º,Sahibinden KiralÄ±k Daire,BeÅŸiktaÅŸ,05-05-2023
9,https://hecdn01.hemlak.com/mncropresize/182/137/ds01/1/5/1/5/4/7/0/4/1683329469153-40745151.jpg,metrobÃ¼se yakÄ±n aile binasÄ±nda gerÃ§ek daire gerÃ§ek ilan,115 mÂ²,2 + 1,1.400.000 â‚º,Sahibinden SatÄ±lÄ±k Daire,BeylikdÃ¼zÃ¼,06-05-2023
10,https://hecdn01.hemlak.com/mncropresize/182/137/ds01/7/7/1/5/4/7/0/4/00d919fc-d84b-4d97-a419-0fb6afdc61a9.jpeg,sahibinden 2+1 ÅŸirinevler yÃ¼rÃ¼yÃ¼ÅŸ yolunda,100 mÂ²,2 + 1,1.699.000 â‚º,Sahibinden SatÄ±lÄ±k Daire,BahÃ§elievler,05-05-2023
11,https://hecdn01.hemlak.com/mncropresize/182/137/ds01/0/8/2/5/4/7/0/4/47bb7f8c-0ab9-4e2c-9105-94e0a00be6b6.jpeg,sahibinden brandium r2 blok 22.kat 2+1 kurumsal kiracÄ±lÄ± ofis,102 mÂ²,2 + 1,6.000.000 â‚º,Sahibinden SatÄ±lÄ±k Daire,AtaÅŸehir,06-05-2023
12,https://hecdn01.hemlak.com/mncropresize/182/137/ds01/4/0/2/5/4/7/0/4/b6ed9979-938b-46f3-8aaf-0a173a0523f4.jpeg,sahibinden rumeli hisarÄ±nda nefis boÄŸaz manzaralÄ± daire,180 mÂ²,3 + 1,21.300.000 â‚º,Sahibinden SatÄ±lÄ±k Daire,SarÄ±yer,06-05-2023
13,https://hecdn01.hemlak.com/mncropresize/182/137/ds01/4/2/3/5/4/7/0/4/ddeb5fc4-ac3a-4234-82b3-083b45e8a836.jpeg,esenyurt garden Ä±. etap aile sitesi,122 mÂ²,2 + 1,2.245.000 â‚º,Sahibinden SatÄ±lÄ±k Daire,Esenyurt,06-05-2023
14,https://hecdn01.hemlak.com/mncropresize/182/137/ds01/6/1/2/5/4/7/0/4/c1428d11-fe47-41e1-9035-27b89f4421bd.jpeg,3+1 site iÃ§i lÃ¼x daire masrafsÄ±z,130 mÂ²,3 + 1,2.875.000 â‚º,Sahibinden SatÄ±lÄ±k Daire,Pendik,06-05-2023
15,https://hecdn01.hemlak.com/mncropresize/182/137/ds01/9/5/0/8/4/7/0/4/VSCMz04alaVypvdb8uOu6.jpg,sefakÃ¶y e5 metrobÃ¼se yakÄ±n 3+1 daire,130 mÂ²,3 + 1,2.950.000 â‚º,Sahibinden SatÄ±lÄ±k Daire,KÃ¼Ã§Ã¼kÃ§ekmece,06-05-2023
16,https://hecdn01.hemlak.com/mncropresize/182/137/ds01/6/9/2/5/4/7/0/4/2919cef1-6af1-4cdc-8d5c-9defdab5b58a.jpeg,sahibinden aydÄ±nlÄ± en iÅŸlek caddesinde tam merkez satÄ±lÄ±k daire,100 mÂ²,2 + 1,2.150.000 â‚º,Sahibinden SatÄ±lÄ±k Daire,Tuzla,06-05-2023
17,https://hecdn01.hemlak.com/mncropresize/182/137/ds01/9/6/4/6/4/7/0/4/e0JQW-CY07G4yf9ZIPHrw.jpeg,bagdat caddesi Ã§iftehavuzlarda 3+1 satÄ±lÄ±k daire,125 mÂ²,3 + 1,10.500.000 â‚º,Sahibinden SatÄ±lÄ±k Daire,KadÄ±kÃ¶y,06-05-2023
18,https://hecdn01.hemlak.com/mncropresize/182/137/ds01/0/9/2/5/4/7/0/4/daee5a49-07a9-4106-8849-81efbc480f88.jpeg,Ã¶nay garden residence 1+0 bÃ¼yÃ¼k tip stÃ¼dyo eÅŸyalÄ±,55 mÂ²,StÃ¼dyo,8.500 â‚º,KiralÄ±k,Esenyurt,06-05-2023
19,https://hecdn01.hemlak.com/mncropresize/182/137/ds01/7/6/4/7/4/7/0/4/1683371435618-40747467.jpg,armaÄŸanevler'de sahibinden 2+1 fÄ±rsat daire,85 mÂ²,2 + 1,2.700.000 â‚º,Sahibinden SatÄ±lÄ±k Daire,Ãœmraniye,06-05-2023
20,https://hecdn01.hemlak.com/mncropresize/182/137/ds01/5/3/5/8/4/7/0/4/awKbnLIt1X769tNQ56ZTD.jpg,yÄ±ldÄ±rÄ±m mh satÄ±lÄ±k iskanlÄ± dÃ¼z giriÅŸ dÃ¼kkan,30 mÂ²,,2.500.000 â‚º,SatÄ±lÄ±k,BayrampaÅŸa,06-05-2023
21,https://hecdn01.hemlak.com/mncropresize/182/137/ds01/7/4/2/5/4/7/0/4/df373bdd-dbb7-41a2-bcb9-d1395c7b14d6.jpeg,"muhteÅŸem deniz manzaralÄ±, eÅŸyalÄ± (3-12 aylÄ±k) 1 haziran sonrasÄ±",110 mÂ²,2 + 1,46.000 â‚º,Sahibinden KiralÄ±k Daire,KadÄ±kÃ¶y,06-05-2023
22,https://hecdn01.hemlak.com/mncropresize/182/137/ds01/7/0/8/6/4/7/0/4/1683367318911-40746807.jpg,metrobÃ¼s yakÄ±n 1+1 dairem satÄ±lÄ±k,70 mÂ²,1 + 1,1.200.000 â‚º,Sahibinden SatÄ±lÄ±k Daire,Esenyurt,06-05-2023
23,https://hecdn01.hemlak.com/mncropresize/182/137/ds01/9/7/1/5/4/7/0/4/389c9a92-1861-41d3-8bfe-8058f0080d1a.jpeg,e-5 Ã¼zeri vatandaÅŸlÄ±ÄŸa uygun konut+ticari imarlÄ± arsa sahibinden,450 mÂ²,,11.000.000 â‚º,SatÄ±lÄ±k,BÃ¼yÃ¼kÃ§ekmece,05-05-2023
24,https://hecdn01.hemlak.com/mncropresize/182/137/ds01/0/2/3/5/4/7/0/4/1683341742917-40745320.jpg,kiralik  dÃ¼kkan,65 mÂ²,,10.000 â‚º,KiralÄ±k,Fatih,06-05-2023
25,https://hecdn01.hemlak.com/mncropresize/182/137/ds01/7/8/2/5/4/7/0/4/4a4c9c74-e07b-46ab-b1b5-2f916439eaff.jpeg,sahibinden kiralÄ±k denize sÄ±fÄ±r panoramik manzaralÄ± eÅŸyalÄ± daire,120 mÂ²,2 + 1,22.000 â‚º,KiralÄ±k,Silivri,06-05-2023
26,https://hecdn01.hemlak.com/mncropresize/182/137/ds01/9/4/2/5/4/7/0/4/eab2c427-a7a3-4374-a83b-7ed98409ab50.jpeg,sahibinden fÄ±rsat! Ã§ok temiz geniÅŸ 3+1 bahÃ§eli ara kat doÄŸalgaz,120 mÂ²,3 + 1,7.000 â‚º,Sahibinden KiralÄ±k Daire,AvcÄ±lar,06-05-2023
27,https://hecdn01.hemlak.com/mncropresize/182/137/ds01/5/1/2/5/4/7/0/4/bf431551-6980-48e1-a311-78b28522e70a.jpeg,site iÃ§i havuzlu alemdag Ã§atalmeÅŸe de dublex terasli daire,165 mÂ²,2 + 1,4.950.000 â‚º,Sahibinden SatÄ±lÄ±k Daire,Ã‡ekmekÃ¶y,06-05-2023
28,https://hecdn01.hemlak.com/mncropresize/182/137/ds01/6/2/2/5/4/7/0/4/2dff6379-47cf-4ab2-b051-71694870acd0.jpeg,sahibinden ataÅŸehir'in en gÃ¼zel yerinden satÄ±lÄ±k 3+1 daire,157 mÂ²,3 + 1,9.750.000 â‚º,Sahibinden SatÄ±lÄ±k Daire,AtaÅŸehir,06-05-2023
29,https://hecdn01.hemlak.com/mncropresize/182/137/ds01/4/2/4/9/4/7/0/4/30dae5b0-dc6a-456e-835f-c1d8f07d9a6d.jpeg,kaÃ§Ä±rÄ±lmayacak eÅŸyalÄ± daire,80 mÂ²,2 + 1,12.000 â‚º,Sahibinden KiralÄ±k Daire,ÅiÅŸli,06-05-2023
30,https://hecdn01.hemlak.com/mncropresize/182/137/ds01/6/6/4/9/4/7/0/4/1683390846701-40749466.jpg,pÄ±nar mah. 2+1 satÄ±lÄ±k daire ( acil ),90 mÂ²,2 + 1,1.325.000 â‚º,Sahibinden SatÄ±lÄ±k Daire,Esenyurt,06-05-2023
31,https://hecdn01.hemlak.com/mncropresize/182/137/ds01/9/1/3/7/4/7/0/4/1683390768116-40747319.jpg,eÅŸyalÄ± daire,113 mÂ²,2 + 1,7.500 â‚º,Sahibinden KiralÄ±k Daire,KaÄŸÄ±thane,06-05-2023
32,https://hecdn01.hemlak.com/mncropresize/182/137/ds01/4/9/1/7/4/7/0/4/1683369078610-40747194.jpg,satÄ±lÄ±k arsa,247 mÂ²,,415.685 â‚º,SatÄ±lÄ±k,Ã‡atalca,06-05-2023
33,https://hecdn01.hemlak.com/mncropresize/182/137/ds01/6/6/7/7/4/7/0/4/1683373598602-40747766.jpg,sahibinden kiralÄ±k eÅŸyalÄ± daire,90 mÂ²,2 + 1,9.000 â‚º,Sahibinden KiralÄ±k Daire,AtaÅŸehir,06-05-2023
34,https://hecdn01.hemlak.com/mncropresize/182/137/ds01/6/6/1/5/4/7/0/4/01d97b05-c250-4c4d-8329-6d47708fc58b.jpeg,satÄ±lÄ±k bakÄ±mlÄ± daire,220 mÂ²,2 + 1,3.500.000 â‚º,Sahibinden SatÄ±lÄ±k Daire,EyÃ¼psultan,05-05-2023
35,https://hecdn01.hemlak.com/mncropresize/182/137/ds01/7/0/2/5/4/7/0/4/1683332989-59066-40745207.jpeg,sahibinden etiler de stÃ¼dyo daire,40 mÂ²,StÃ¼dyo,15.000 â‚º,Sahibinden KiralÄ±k Daire,BeÅŸiktaÅŸ,06-05-2023
36,https://hecdn01.hemlak.com/mncropresize/182/137/ds01/7/0/1/9/4/7/0/4/3b81d873-1559-48fa-bc7c-c41402b16ff8.jpeg,sahibinden 1+1 tÃ¼rkbÃ¼kÃ¼re residance e5'e 250m,75 mÂ²,1 + 1,1.550.000 â‚º,Sahibinden SatÄ±lÄ±k Daire,Esenyurt,06-05-2023
37,https://hecdn01.hemlak.com/mncropresize/182/137/ds01/0/2/1/6/4/7/0/4/1683360816833-40746120.jpg,3+1 eÅŸyalÄ± daire,130 mÂ²,3 + 1,8.000 â‚º,Sahibinden KiralÄ±k Daire,ÃœskÃ¼dar,06-05-2023
38,https://hecdn01.hemlak.com/mncropresize/182/137/ds01/8/1/6/8/4/7/0/4/sFQF3QVMihEy0pXFZQx9H.jpg,depreme dayanÄ±klÄ± merkezi ve seÃ§kin mÃ¼hitte,140 mÂ²,4 + 1,7.250.000 â‚º,Sahibinden SatÄ±lÄ±k Daire,AtaÅŸehir,06-05-2023
39,https://hecdn01.hemlak.com/mncropresize/182/137/ds01/8/4/0/5/4/7/0/4/1683325389-320321-40745048.jpeg,merkezi lokasyonda keyifli bahÃ§eli 250 m2 ters dublex,300 mÂ²,4 + 1,11.650.000 â‚º,Sahibinden SatÄ±lÄ±k Daire,ÅiÅŸli,06-05-2023
40,https://hecdn01.hemlak.com/mncropresize/182/137/ds01/1/7/1/5/4/7/0/4/e15e023c-1d10-4b1e-a81f-dbc87d84a37b.jpeg,deniz istanbul mercan turkish citizenship ready to move 4+1,214 mÂ²,4 + 1,13.250.000 â‚º,Sahibinden SatÄ±lÄ±k Daire,BeylikdÃ¼zÃ¼,05-05-2023
41,https://hecdn01.hemlak.com/mncropresize/182/137/ds01/6/4/6/4/4/7/0/4/1683312201-7583609-40744646.jpeg,sahibinden barÄ±ÅŸ mah.sezgi sitesinde gÃ¼ney cephe 3+1 satÄ±lÄ±k daire,160 mÂ²,3 + 1,3.590.000 â‚º,Sahibinden SatÄ±lÄ±k Daire,BeylikdÃ¼zÃ¼,06-05-2023
42,https://hecdn01.hemlak.com/mncropresize/182/137/ds01/1/7/6/1/4/7/0/4/sLCMUF78sqVrSfGcNfygD.jpg,kÄ±zÄ±ltoprak'ta 12 yÄ±llÄ±k binada 3+1 satÄ±lÄ±k boÅŸ daire,95 mÂ²,3 + 1,5.900.000 â‚º,Sahibinden SatÄ±lÄ±k Daire,KadÄ±kÃ¶y,05-05-2023
43,https://hecdn01.hemlak.com/mncropresize/182/137/ds01/5/6/7/9/3/7/0/4/1683226699924-40739765.jpg,merkezi konumda yeni binada dublex daire,131 mÂ²,2 + 2,3.100.000 â‚º,Sahibinden SatÄ±lÄ±k Daire,Kartal,05-05-2023
44,https://hecdn01.hemlak.com/mncropresize/182/137/ds01/4/1/6/8/3/7/0/4/1683209166-142932-40738614.jpeg,mimardan satÄ±lÄ±k ultra lÃ¼ks akÄ±llÄ± ev full dÃ¶ÅŸeli,528 mÂ²,7 + 1,15.500.000 â‚º,SatÄ±lÄ±k,Åile,04-05-2023
45,https://hecdn01.hemlak.com/mncropresize/182/137/ds01/7/0/5/9/3/7/0/4/1683219810395-40739507.jpg,ataÅŸehir'de satÄ±lÄ±k daire,135 mÂ²,3 + 1,4.500.000 â‚º,Sahibinden SatÄ±lÄ±k Daire,AtaÅŸehir,04-05-2023
46,https://hecdn01.hemlak.com/mncropresize/182/137/ds01/9/5/1/9/3/7/0/4/2086141c-7b63-4629-9ae5-df18414398a2.jpeg,yunus emre de merkezi lokasyonda fÄ±rsat daire,120 mÂ²,3 + 1,2.475.000 â‚º,Sahibinden SatÄ±lÄ±k Daire,Sancaktepe,05-05-2023
47,https://hecdn01.hemlak.com/mncropresize/182/137/ds01/6/2/5/9/3/7/0/4/1683220257763-40739526.jpg,sahibinden kiralÄ±k esyalÄ± 2+1 daire,115 mÂ²,2 + 1,8.000 â‚º,Sahibinden KiralÄ±k Daire,Fatih,06-05-2023
48,https://hecdn01.hemlak.com/mncropresize/182/137/ds01/4/6/9/9/3/7/0/4/CXCmPPtmDLP9u8058uAl9.jpeg,sahibinden cadde Ã¼zeri asansÃ¶rlÃ¼ kaÃ§Ä±rÄ±lmayacak fÄ±rsat 2+1 ara kat,120 mÂ²,2 + 1,3.100.000 â‚º,Sahibinden SatÄ±lÄ±k Daire,GaziosmanpaÅŸa,05-05-2023
49,https://hecdn01.hemlak.com/mncropresize/182/137/ds01/2/2/8/6/3/7/0/4/t_hdWac0zt1glQmBcOBCw.jpg,acilllll sahibinden tapulu - 3+1 acunkent sitesi - kelepir daire,140 mÂ²,3 + 1,1.140.000 â‚º,Sahibinden SatÄ±lÄ±k Daire,Esenyurt,04-05-2023
50,https://hecdn01.hemlak.com/mncropresize/182/137/ds01/8/1/8/7/3/7/0/4/1683207361786-40737818.jpg,sinpaÅŸ liva turkuaz sitesi panoramik b-blok  ara kat sosyal donanÄ±mlÄ± site sahibinden 3+1 satÄ±lÄ±k,148 mÂ²,3 + 1,5.500.000 â‚º,Sahibinden SatÄ±lÄ±k Daire,Sultanbeyli,04-05-2023
51,https://hecdn01.hemlak.com/mncropresize/182/137/ds01/8/8/4/8/2/7/0/4/1683084279-1339731-40728488.jpeg,"2+1 eÅŸyalÄ± metrobÃ¼s deniz ve gÃ¶le Ã§ok  yakÄ±n, for rent,  Ø¨Ø±Ø§ÛŒ Ø§Ø¬Ø§Ø±Ù‡. ,    Ù„Ù„Ø§ÙŠØ¬Ø§Ø±",130 mÂ²,2 + 1,10.500 â‚º,Sahibinden KiralÄ±k Daire,AvcÄ±lar,03-05-2023
52,https://hecdn01.hemlak.com/mncropresize/182/137/ds01/5/9/9/3/3/7/0/4/1683142666662-40733995.jpg,ortakÃ¶y sahilde 1+1,55 mÂ²,1 + 1,1.820.000 â‚º,Sahibinden SatÄ±lÄ±k Daire,BeÅŸiktaÅŸ,06-05-2023
53,https://hecdn01.hemlak.com/mncropresize/182/137/ds01/9/7/9/3/3/7/0/4/1683142064416-40733979.jpg,siyavuÅŸpaÅŸada tadilatlÄ± 3+1 merkezi konumda,135 mÂ²,3 + 1,3.450.000 â‚º,Sahibinden SatÄ±lÄ±k Daire,BahÃ§elievler,04-05-2023
54,https://hecdn01.hemlak.com/mncropresize/182/137/ds01/4/3/7/2/3/7/0/4/1683123889237-40732734.jpg,"ataÅŸehir varyap meridien""de yÃ¼ksek kat kiralÄ±k 1+1",75 mÂ²,1 + 1,18.000 â‚º,Sahibinden KiralÄ±k Daire,AtaÅŸehir,04-05-2023
55,https://hecdn01.hemlak.com/mncropresize/182/137/ds01/2/0/8/3/3/7/0/4/1683138096-599712-40733802.jpeg,denizkÃ¶ÅŸklerin en nezih yerinde metrobÃ¼se 1 dk,145 mÂ²,3 + 1,14.500 â‚º,Sahibinden KiralÄ±k Daire,AvcÄ±lar,04-05-2023
56,https://hecdn01.hemlak.com/mncropresize/182/137/ds01/1/8/5/0/3/7/0/4/1683108532-673455-40730581.jpeg,beylikdÃ¼zÃ¼ bÃ¼yÃ¼kÅŸehir mah. 2+1 sahibinden daire,85 mÂ²,2 + 1,2.270.000 â‚º,Sahibinden SatÄ±lÄ±k Daire,BeylikdÃ¼zÃ¼,03-05-2023
57,https://hecdn01.hemlak.com/mncropresize/182/137/ds01/2/4/6/8/2/7/0/4/1683091949-2648978-40728642.jpeg,selimpaÅŸa tam merkezde sahibinden satÄ±lÄ±k,100 mÂ²,3 + 1,3.300.000 â‚º,Sahibinden SatÄ±lÄ±k Daire,Silivri,05-05-2023
58,https://hecdn01.hemlak.com/mncropresize/182/137/ds01/5/8/9/2/3/7/0/4/b45fead3-e8c2-48b8-8def-22d1e1c5ced6.jpg,marmara hastanesi acil karÅŸÄ±sÄ±nda metro yanÄ±,95 mÂ²,2 + 1,3.000.000 â‚º,Sahibinden SatÄ±lÄ±k Daire,Pendik,03-05-2023
59,https://hecdn01.hemlak.com/mncropresize/182/137/ds01/3/7/2/2/3/7/0/4/ZbzB0-0OT0fuf0HbreWTu.jpeg,beylikdÃ¼zÃ¼n de full konsept site iÃ§inde sÄ±fÄ±r 1+1 daire,75 mÂ²,1 + 1,12.000 â‚º,Sahibinden KiralÄ±k Daire,BeylikdÃ¼zÃ¼,04-05-2023
60,https://hecdn01.hemlak.com/mncropresize/182/137/ds01/9/8/3/8/2/7/0/4/1683077313-3686972-40728389.jpeg,perlavista arkasÄ± ata sitesi 4+2 dubleks daire,225 mÂ²,6 + 1,8.500.000 â‚º,Sahibinden SatÄ±lÄ±k Daire,BeylikdÃ¼zÃ¼,04-05-2023
61,https://hecdn01.hemlak.com/mncropresize/182/137/ds01/8/0/6/5/2/7/0/4/1683030112-284159-40725608.jpeg,florya hatboyu'nun en gÃ¼zel konumunda manzaralÄ± satÄ±lÄ±k dubleks,300 mÂ²,4 + 1,14.500.000 â‚º,Sahibinden SatÄ±lÄ±k Daire,BakÄ±rkÃ¶y,02-05-2023
62,https://hecdn01.hemlak.com/mncropresize/182/137/ds01/9/2/1/7/2/7/0/4/ndAXnLjtaN0LB50GznrBF.jpg,beÅŸiktaÅŸ full boÄŸaz manzaralÄ± 2+1,135 mÂ²,2 + 1,30.000 â‚º,Sahibinden KiralÄ±k Daire,BeÅŸiktaÅŸ,02-05-2023
63,https://hecdn01.hemlak.com/mncropresize/182/137/ds01/0/9/8/5/2/7/0/4/1683032356549-40725890.jpg,3+1 merkezi konumda lÃ¼x site iÃ§i arakat daire,135 mÂ²,3 + 1,3.590.000 â‚º,Sahibinden SatÄ±lÄ±k Daire,Sancaktepe,02-05-2023
64,https://hecdn01.hemlak.com/mncropresize/182/137/ds01/9/3/5/7/2/7/0/4/1683050572898-40727539.jpg,site iÃ§inde geniÅŸ daire,135 mÂ²,3 + 1,4.950.000 â‚º,Sahibinden SatÄ±lÄ±k Daire,Ãœmraniye,04-05-2023
65,https://hecdn01.hemlak.com/mncropresize/182/137/ds01/3/7/1/7/2/7/0/4/1683044320259-40727173.jpg,denize sÄ±fÄ±r site iÃ§i villa,300 mÂ²,5 + 2,12.600.000 â‚º,SatÄ±lÄ±k,BÃ¼yÃ¼kÃ§ekmece,02-05-2023
66,https://hecdn01.hemlak.com/mncropresize/182/137/ds01/8/6/6/3/2/7/0/4/s6cMLyUeRDKBYM99oBIPJ.jpeg,Ã§atÄ± dubleks -roof duplex wÄ±th bosphorus vÄ±ew-Ğ´ÑƒĞ¿Ğ»ĞµĞºÑ Ğ½Ğ° ĞºÑ€Ñ‹ÑˆĞµ Ñ Ğ²Ğ¸Ğ´Ğ¾Ğ¼ Ğ½Ğ° Ğ±Ğ¾ÑÑ„Ğ¾Ñ€-Ø¯ÙˆØ¨Ù„ÙƒØ³ Ø±ÙˆÙ Ø¹Ù„Ù‰ Ø§Ù„Ø¨Ùˆ,285 mÂ²,6 + 2,16.750.000 â‚º,Sahibinden SatÄ±lÄ±k Daire,ÃœskÃ¼dar,02-05-2023
67,https://hecdn01.hemlak.com/mncropresize/182/137/ds01/2/6/7/2/2/7/0/4/1683008695-6802-40722762.jpeg,yakut sitesinde satÄ±lÄ±k daire,135 mÂ²,3 + 1,6.700.000 â‚º,Sahibinden SatÄ±lÄ±k Daire,Ãœmraniye,02-05-2023
68,https://hecdn01.hemlak.com/mncropresize/182/137/ds01/7/9/6/4/2/7/0/4/Roy0c6zLvnE83XO7U6t4H.png,sahibinden arya konutlarÄ±na komÅŸu Ã§ok bakÄ±nlÄ± daire,75 mÂ²,2 + 1,2.150.000 â‚º,Sahibinden SatÄ±lÄ±k Daire,KaÄŸÄ±thane,02-05-2023
69,https://hecdn01.hemlak.com/mncropresize/182/137/ds01/7/2/4/7/2/7/0/4/1683109769488-40727427.jpg,sahibinden arakat 3 +1 site iÃ§i dairw,120 mÂ²,3 + 1,4.100.000 â‚º,Sahibinden SatÄ±lÄ±k Daire,Ãœmraniye,06-05-2023
70,https://hecdn01.hemlak.com/mncropresize/182/137/ds01/6/2/0/1/2/7/0/4/suLNReGSGIbQ1lTyTP9HW.jpg,sahibinden acil satÄ±lÄ±k 2+1 85m arakat daire,88 mÂ²,2 + 1,2.750.000 â‚º,Sahibinden SatÄ±lÄ±k Daire,Sancaktepe,01-05-2023
71,https://hecdn01.hemlak.com/mncropresize/182/137/ds01/9/5/9/8/1/7/0/4/Fi4ryeFxRFxcjAIybGJ9L.jpeg,"fÄ±rsat dairesi. krediye uygun. yeni, saÄŸlam bina. kat mÃ¼lkiyetli",98 mÂ²,2 + 1,2.480.000 â‚º,Sahibinden SatÄ±lÄ±k Daire,BahÃ§elievler,01-05-2023
72,https://hecdn01.hemlak.com/mncropresize/182/137/ds01/8/8/6/1/2/7/0/4/1682963668-761662-40721688.jpeg,gÃ¶l ve deniz manzaralÄ± sahibinden satÄ±lÄ±k,90 mÂ²,2 + 1,2.850.000 â‚º,Sahibinden SatÄ±lÄ±k Daire,KÃ¼Ã§Ã¼kÃ§ekmece,02-05-2023
73,https://hecdn01.hemlak.com/mncropresize/182/137/ds01/7/7/0/2/2/7/0/4/Uk40Gx-WXX7NZihSuIgfq.png,eyÃ¼psultan'Ä±n en nezih mahallesi'nde sahibinden satÄ±lÄ±k 4+1daire,170 mÂ²,4 + 1,5.100.000 â‚º,Sahibinden SatÄ±lÄ±k Daire,EyÃ¼psultan,02-05-2023
74,https://hecdn01.hemlak.com/mncropresize/182/137/ds01/8/5/5/9/1/7/0/4/dd495093-83e7-44c7-a8e6-9c51c9b17d6d.jpg,sahibinden satÄ±lÄ±k florya emlak konutda lÃ¼ks daire,205 mÂ²,3 + 1,21.500.000 â‚º,Sahibinden SatÄ±lÄ±k Daire,BakÄ±rkÃ¶y,01-05-2023
75,https://hecdn01.hemlak.com/mncropresize/182/137/ds01/7/5/9/1/2/7/0/4/1682968982362-40721957.jpg,sahibinden 2 metro hattÄ±na yÃ¼rÃ¼me mesafesinde,76 mÂ²,2 + 1,2.590.000 â‚º,Sahibinden SatÄ±lÄ±k Daire,Ãœmraniye,02-05-2023
76,https://hecdn01.hemlak.com/mncropresize/182/137/ds01/2/7/2/1/2/7/0/4/oTkTiLQNlq1gpv74eeyGZ.jpeg,koray bianco'da oturum ve yatÄ±rÄ±ma uygun ara kat satÄ±lÄ±k 2+1,95 mÂ²,2 + 1,8.450.000 â‚º,Sahibinden SatÄ±lÄ±k Daire,EyÃ¼psultan,01-05-2023
77,https://hecdn01.hemlak.com/mncropresize/182/137/ds01/6/1/8/0/2/7/0/4/lZ-L4OxrJgF44pygaIdvZ.jpg,haliÃ§ manzaralÄ± beyoÄŸlu sÃ¼tlÃ¼cede full eÅŸyalÄ± daire,200 mÂ²,4 + 1,25.000 â‚º,Sahibinden KiralÄ±k Daire,BeyoÄŸlu,01-05-2023
78,https://hecdn01.hemlak.com/mncropresize/182/137/ds01/7/4/9/0/2/7/0/4/1682982693-797305-40720947.jpeg,akevler residence satÄ±lÄ±k 3+1 daire,145 mÂ²,3 + 1,7.700.000 â‚º,Sahibinden SatÄ±lÄ±k Daire,Zeytinburnu,02-05-2023
79,https://hecdn01.hemlak.com/mncropresize/182/137/ds01/7/1/0/1/2/7/0/4/1682953318-0888739-40721017.jpeg,baÅŸakÅŸehir yeditepe evleri sahibinden 2+1,85 mÂ²,2 + 1,3.000.000 â‚º,Sahibinden SatÄ±lÄ±k Daire,BaÅŸakÅŸehir,01-05-2023
80,https://hecdn01.hemlak.com/mncropresize/182/137/ds01/0/2/8/5/1/7/0/4/1682879878734-40715820.jpg,yenikentte 2+1 Ã§atÄ± dubleksi meydana yakÄ±n avm yanÄ±,140 mÂ²,2 + 1,1.660.000 â‚º,Sahibinden SatÄ±lÄ±k Daire,Esenyurt,04-05-2023
81,https://hecdn01.hemlak.com/mncropresize/182/137/ds01/6/3/4/7/1/7/0/4/7z-jDaKc1lHQtWY9jLFDF.jpeg,vatandaÅŸlÄ±k ikamet ve kredi iÃ§in uygun bÃ¼yÃ¼k m2 1+1 sÃ¼per lÃ¼ks daire,86 mÂ²,1 + 1,2.265.000 â‚º,Sahibinden SatÄ±lÄ±k Daire,BeylikdÃ¼zÃ¼,01-05-2023
82,https://hecdn01.hemlak.com/mncropresize/182/137/ds01/7/3/2/5/1/7/0/4/L6v4fe_FDe7-KeMljxgVD.jpeg,sahibinden deniz ve havuz manzaralÄ± 2+1 sÄ±fÄ±r daire,135 mÂ²,2 + 1,4.600.000 â‚º,Sahibinden SatÄ±lÄ±k Daire,BÃ¼yÃ¼kÃ§ekmece,30-04-2023
83,https://hecdn01.hemlak.com/mncropresize/182/137/ds01/8/0/8/4/4/7/0/4/1683316681437-40744808.jpg,sahibinden  site iÃ§erisinde kiralÄ±k daire,110 mÂ²,3 + 1,15.000 â‚º,KiralÄ±k,AtaÅŸehir,06-05-2023
84,https://hecdn01.hemlak.com/mncropresize/182/137/ds01/7/0/2/9/3/7/0/4/UZVawAQlKobu-cZJzm1JE.jpg,sahibinden olivium marmaray 9-16 ve sahile yakÄ±n ful eÅŸyalÄ± balkonlu kiralÄ±k 2+1,80 mÂ²,2 + 1,12.000 â‚º,Sahibinden KiralÄ±k Daire,Zeytinburnu,04-05-2023
85,https://hecdn01.hemlak.com/mncropresize/182/137/ds01/7/6/3/3/3/7/0/4/jcx-oXMCxncIATX67Jw32.jpg,bÃ¼yÃ¼kÃ§ekmece sinanoba'da satÄ±lÄ±k 5.5+1 lÃ¼ks villa,285 mÂ²,5 + 1,12.000.000 â‚º,SatÄ±lÄ±k,BÃ¼yÃ¼kÃ§ekmece,03-05-2023
86,https://hecdn01.hemlak.com/mncropresize/182/137/ds01/0/2/1/0/3/7/0/4/aiS_dDKE2nrpl-clXKe_P.jpg,soyak olimpiakent 5.bÃ¶lge kiralÄ±k 140 m2 3+1 daire,140 mÂ²,3 + 1,27.000 â‚º,Sahibinden KiralÄ±k Daire,KÃ¼Ã§Ã¼kÃ§ekmece,03-05-2023
87,https://hecdn01.hemlak.com/mncropresize/182/137/ds01/7/7/8/8/2/7/0/4/BkaWUjEXC4LiMAFEeCx0S.jpg,mecidiyekÃ¶y profilo avm yanÄ± 4+1 dubleks eÅŸyalÄ± daire,180 mÂ²,4 + 1,26.000 â‚º,Sahibinden KiralÄ±k Daire,ÅiÅŸli,03-05-2023
88,https://hecdn01.hemlak.com/mncropresize/182/137/ds01/4/1/8/0/3/7/0/4/1683110007194-40730814.jpg,beylikdÃ¼zÃ¼ e5 yanÄ± metrobÃ¼se 5 dk 1+1 full eÅŸyalÄ± kiralÄ±k daire,70 mÂ²,1 + 1,10.000 â‚º,Sahibinden KiralÄ±k Daire,Esenyurt,03-05-2023
89,https://hecdn01.hemlak.com/mncropresize/182/137/ds01/0/4/8/1/4/7/0/4/M29WejCeKXebxL616R8P-.jpeg,"cambaztepe - denize 500mt - 350m2 3,5 kat - 722m2 arsa iÃ§inde - mÃ¼stakil kÃ¶ÅŸe parsel",350 mÂ²,8 + 2,13.000.000 â‚º,SatÄ±lÄ±k,Silivri,05-05-2023
90,https://hecdn01.hemlak.com/mncropresize/182/137/ds01/0/7/2/7/3/7/0/4/1683199563041-40737270.jpg,Ä±ÅŸletmeye hazÄ±r sezon baÅŸÄ±nda kaÃ§Ä±rÄ±lmayacak kupon,1.690 mÂ²,,30.000 â‚º,KiralÄ±k,Ãœmraniye,04-05-2023
91,https://hecdn01.hemlak.com/mncropresize/182/137/ds01/7/9/6/1/3/7/0/4/1683117416924-40731697.jpg,sahibinden kullanÄ±ÅŸlÄ± ara kat,90 mÂ²,2 + 1,2.550.000 â‚º,Sahibinden SatÄ±lÄ±k Daire,KaÄŸÄ±thane,03-05-2023
92,https://hecdn01.hemlak.com/mncropresize/182/137/ds01/6/3/9/6/2/7/0/4/1683040967-9376822-40726936.jpeg,ÅŸiÅŸlinin rn nezih mahallesinde depreme dayanÄ±klÄ± otoparklÄ± daire,90 mÂ²,2 + 1,3.400.000 â‚º,Sahibinden SatÄ±lÄ±k Daire,ÅiÅŸli,02-05-2023
93,https://hecdn01.hemlak.com/mncropresize/182/137/ds01/8/2/8/6/1/7/0/4/1683184928-2674398-40716828.jpeg,bostancÄ± metro dibinde eÅŸyalÄ± 3+1 daire,100 mÂ²,3 + 1,26.500 â‚º,Sahibinden KiralÄ±k Daire,KadÄ±kÃ¶y,04-05-2023
94,https://hecdn01.hemlak.com/mncropresize/182/137/ds01/4/6/0/0/4/7/0/4/1683242481-5947409-40740064.jpeg,sahibinden 2+1 yuksek giriÅŸ talatpaÅŸa mah krediye uygun,100 mÂ²,3 + 2,1.375.000 â‚º,Sahibinden SatÄ±lÄ±k Daire,Esenyurt,05-05-2023
95,https://hecdn01.hemlak.com/mncropresize/182/137/ds01/4/5/6/6/2/7/0/4/296b5a41-61e7-441c-8fb9-440416a1bf26.jpeg,bahÃ§eli Ã¶zel havuzlu villa,500 mÂ²,5 + 1,250.000 â‚º,KiralÄ±k,Beykoz,02-05-2023
96,https://hecdn01.hemlak.com/mncropresize/182/137/ds01/6/7/4/5/1/7/0/4/1682864103-791946-40715476.jpeg,sahibinden 3+1 kiralÄ±k yeni bina,130 mÂ²,3 + 1,20.000 â‚º,Sahibinden KiralÄ±k Daire,KadÄ±kÃ¶y,03-05-2023
97,https://hecdn01.hemlak.com/mncropresize/182/137/ds01/9/5/8/5/1/7/0/4/1682872510026-40715859.jpg,marmara hastanesi karÅŸÄ±sÄ± park royal sitesi,130 mÂ²,3 + 1,14.000 â‚º,Sahibinden KiralÄ±k Daire,Pendik,30-04-2023
98,https://hecdn01.hemlak.com/mncropresize/182/137/ds01/3/2/6/5/4/7/0/4/1683354978002-40745623.jpg,imar Ã§Ä±kmÄ±ÅŸ,1.529 mÂ²,,66.000.000.000 â‚º,SatÄ±lÄ±k,ArnavutkÃ¶y,06-05-2023
99,https://hecdn01.hemlak.com/mncropresize/182/137/ds01/4/0/0/9/4/7/0/4/dfc92ae8-5d77-44cd-8d75-f0a364fba4b8.jpeg,"sahibinden bakÄ±rkÃ¶y osmaniyede satÄ±lÄ±k 2+1 daire, arsa fiyatÄ±na",90 mÂ²,2 + 1,2.295.000 â‚º,Sahibinden SatÄ±lÄ±k Daire,BakÄ±rkÃ¶y,06-05-2023
100,https://hecdn01.hemlak.com/mncropresize/182/137/ds01/7/3/8/8/3/7/0/4/1683286867845-40738837.jpg,sahibinden kiralÄ±k,145 mÂ²,3 + 1,19.000 â‚º,Sahibinden KiralÄ±k Daire,KadÄ±kÃ¶y,05-05-2023
101,https://hecdn01.hemlak.com/mncropresize/182/137/ds01/6/1/9/8/3/7/0/4/1683211749444-40738916.jpg,sahibinden kiralÄ±k  geniÅŸ 1 +1 eÅŸyalÄ± kiralik daire,60 mÂ²,1 + 1,4.500 â‚º,Sahibinden KiralÄ±k Daire,Tuzla,05-05-2023
102,https://hecdn01.hemlak.com/mncropresize/182/137/ds01/0/7/1/5/3/7/0/4/1683184195-341762-40735170.jpeg,luxury flats for rent in gayrettepe home,65 mÂ²,1 + 1,23.000 â‚º,Sahibinden KiralÄ±k Daire,BeÅŸiktaÅŸ,04-05-2023
103,https://hecdn01.hemlak.com/mncropresize/182/137/ds01/8/9/0/4/3/7/0/4/c68pyRKU8H8BE8RAj2BfO.jpg,sultantepede sahile yÃ¼rÃ¼me mesafesinde sÄ±fÄ±r dublex,100 mÂ²,2 + 2,5.750.000 â‚º,Sahibinden SatÄ±lÄ±k Daire,ÃœskÃ¼dar,04-05-2023
104,https://hecdn01.hemlak.com/mncropresize/182/137/ds01/0/2/0/5/2/7/0/4/1683025758217-40725020.jpg,satÄ±lÄ±k daire 1+1 site iÃ§erisinde,56 mÂ²,1 + 1,1.250.000 â‚º,SatÄ±lÄ±k,Esenyurt,03-05-2023
105,https://hecdn01.hemlak.com/mncropresize/182/137/ds01/7/4/9/5/1/7/0/4/wTDvpIb5pBXDSgKSNyFuL.jpg,2+1 deniz manzaralÄ± satÄ±lÄ±k ara kat daire,100 mÂ²,2 + 1,2.700.000 â‚º,Sahibinden SatÄ±lÄ±k Daire,BÃ¼yÃ¼kÃ§ekmece,03-05-2023
106,https://hecdn01.hemlak.com/mncropresize/182/137/ds01/5/4/1/5/4/7/0/4/072cfa91-c2cc-4268-a81d-eaa3cc8ff227.jpeg,atakÃ¶y 5. kÄ±sÄ±m novus sitesi sahibinden satÄ±lÄ±k,138 mÂ²,2 + 1,12.900.000 â‚º,Sahibinden SatÄ±lÄ±k Daire,BakÄ±rkÃ¶y,05-05-2023
107,https://hecdn01.hemlak.com/mncropresize/182/137/ds01/8/4/0/9/4/7/0/4/hUNEISzqJWoSQQNZRoN-m.jpg,aÄŸva geredeli de  yeÅŸillikler iÃ§inde ahÅŸap ev ve tarlasÄ±,800 mÂ²,,2.850.000 â‚º,SatÄ±lÄ±k,Åile,06-05-2023
108,https://hecdn01.hemlak.com/mncropresize/182/137/ds01/8/9/0/1/4/7/0/4/1683276240043-40741098.jpg,acil satÄ±lÄ±k 2 adet dÃ¼kkan,60 mÂ²,,3.300.000 â‚º,SatÄ±lÄ±k,Sultanbeyli,05-05-2023
109,https://hecdn01.hemlak.com/mncropresize/182/137/ds01/4/9/2/4/4/7/0/4/1683302798672-40744294.jpg,tavukcuyolunda kiralik depolu dukkan,250 mÂ²,,32.000 â‚º,KiralÄ±k,Ãœmraniye,05-05-2023
110,https://hecdn01.hemlak.com/mncropresize/182/137/ds01/9/0/5/4/4/7/0/4/Se-mf87t8i-rujMUFx39Y.jpg,fatih mahallesi izmir caddesi sahibinden satÄ±lÄ±k dÃ¼kkan,80 mÂ²,,2.825.000 â‚º,SatÄ±lÄ±k,BÃ¼yÃ¼kÃ§ekmece,06-05-2023
111,https://hecdn01.hemlak.com/mncropresize/182/137/ds01/1/8/1/9/4/7/0/4/1683386475-927233-40749181.jpeg,2+1 satÄ±lÄ±k daire,85 mÂ²,2 + 1,1.350.000 â‚º,Sahibinden SatÄ±lÄ±k Daire,KÃ¼Ã§Ã¼kÃ§ekmece,06-05-2023
112,https://hecdn01.hemlak.com/mncropresize/182/137/ds01/2/7/1/7/4/7/0/4/1683368917841-40747172.jpg,2+1 eÅŸyali daire,100 mÂ²,2 + 1,12.000 â‚º,Sahibinden KiralÄ±k Daire,ÅiÅŸli,06-05-2023
113,https://hecdn01.hemlak.com/mncropresize/182/137/ds01/7/1/3/6/4/7/0/4/1683362337-245913-40746317.jpeg,fÄ±rsat...sahibinden mÃ¼kemmel konumda daire,140 mÂ²,3 + 1,3.000.000 â‚º,Sahibinden SatÄ±lÄ±k Daire,AtaÅŸehir,06-05-2023
114,https://hecdn01.hemlak.com/mncropresize/182/137/ds01/5/2/3/5/4/7/0/4/803df007-9b70-438c-a303-bbbcc0ba5342.jpeg,satÄ±lÄ±k 3 katlÄ± mustakil bina,122 mÂ²,2 + 1,3.300.000 â‚º,SatÄ±lÄ±k,ArnavutkÃ¶y,06-05-2023
115,https://hecdn01.hemlak.com/mncropresize/182/137/ds01/7/6/2/5/4/7/0/4/cb637040-bbf3-4b27-81ce-f4941addb67a.jpeg,sahibinden arnavutkÃ¶y merkezde hastanenin yanÄ±nda ultra lÃ¼ks,230 mÂ²,3 + 2,4.200.000 â‚º,Sahibinden SatÄ±lÄ±k Daire,ArnavutkÃ¶y,06-05-2023
116,https://hecdn01.hemlak.com/mncropresize/182/137/ds01/5/9/4/4/4/7/0/4/tlKyU00MLRr4fKrQR4IaS.jpg,ÅŸirinevler de 3+1 kiralÄ±k daire,115 mÂ²,3 + 1,8.000 â‚º,Sahibinden KiralÄ±k Daire,BahÃ§elievler,06-05-2023
117,https://hecdn01.hemlak.com/mncropresize/182/137/ds01/9/2/7/4/4/7/0/4/1683317549833-40744729.jpg,4+2 dubleks giriÅŸleri ayrÄ±,190 mÂ²,4 + 2,2.850.000 â‚º,Sahibinden SatÄ±lÄ±k Daire,Esenyurt,06-05-2023
118,https://hecdn01.hemlak.com/mncropresize/182/137/ds01/9/3/4/3/4/7/0/4/1683292990686-40743439.jpg,acil satÄ±lÄ±k 0 536 207 35 64,110 mÂ²,3 + 1,2.300.000 â‚º,Sahibinden SatÄ±lÄ±k Daire,Esenyurt,05-05-2023
119,https://hecdn01.hemlak.com/mncropresize/182/137/ds01/3/9/6/2/4/7/0/4/1683287254623-40742693.jpg,sahibinden yatÄ±rÄ±mlÄ±k iÅŸyerine uygun mÃ¼stakil giriÅŸli dubleks daire,190 mÂ²,4 + 1,18.500.000 â‚º,Sahibinden SatÄ±lÄ±k Daire,ÃœskÃ¼dar,05-05-2023
120,https://hecdn01.hemlak.com/mncropresize/182/137/ds01/8/9/1/3/4/7/0/4/dVRCM0WAx-36MO2h5TmPn.jpg,sahibinden acÄ±badem'de muhteÅŸem koru manzarali 3+1ev,140 mÂ²,3 + 1,8.000.000 â‚º,Sahibinden SatÄ±lÄ±k Daire,ÃœskÃ¼dar,05-05-2023
121,https://hecdn01.hemlak.com/mncropresize/182/137/ds01/4/8/9/9/3/7/0/4/1683235364664-40739984.jpg,sahibinden eÅŸyalÄ± ve temÄ±z ara kat kiralÄ±k daÄ±re,80 mÂ²,2 + 1,14.000 â‚º,Sahibinden KiralÄ±k Daire,ÃœskÃ¼dar,05-05-2023
122,https://hecdn01.hemlak.com/mncropresize/182/137/ds01/9/4/0/0/4/7/0/4/1683240011058-40740049.jpg,full eÅŸyalÄ± kiralik daire osmanbey,90 mÂ²,2 + 1,17.000 â‚º,Sahibinden KiralÄ±k Daire,ÅiÅŸli,05-05-2023
123,https://hecdn01.hemlak.com/mncropresize/182/137/ds01/6/7/4/6/3/7/0/4/1683193562215-40736476.jpg,sahibinden haliÃ§ manzaralÄ± daire,150 mÂ²,3 + 1,4.600.000 â‚º,Sahibinden SatÄ±lÄ±k Daire,EyÃ¼psultan,04-05-2023
124,https://hecdn01.hemlak.com/mncropresize/182/137/ds01/0/1/7/0/3/7/0/4/1683109227108-40730710.jpg,satilik kaptan arif sokaÄŸÄ±nda 3+1 daire,135 mÂ²,3 + 1,5.600.000 â‚º,Sahibinden SatÄ±lÄ±k Daire,KadÄ±kÃ¶y,03-05-2023
125,https://hecdn01.hemlak.com/mncropresize/182/137/ds01/9/2/0/8/2/7/0/4/1683061543-740786-40728029.jpeg,sahibinden kiralÄ±k 124 m2 kapalÄ± mutfaklÄ± daire,124 mÂ²,2 + 1,22.500 â‚º,Sahibinden KiralÄ±k Daire,KÃ¼Ã§Ã¼kÃ§ekmece,03-05-2023
126,https://hecdn01.hemlak.com/mncropresize/182/137/ds01/4/1/3/7/2/7/0/4/1683046807106-40727314.jpg,sahibinden 1+1kiralÄ±k,65 mÂ²,1 + 1,8.000 â‚º,Sahibinden KiralÄ±k Daire,ÅiÅŸli,06-05-2023
127,https://hecdn01.hemlak.com/mncropresize/182/137/ds01/8/6/4/7/2/7/0/4/7260e7f2-c9cf-4081-abda-820b7997f90f.jpg,ara kat nezih site iÃ§inde daire,135 mÂ²,3 + 1,4.950.000 â‚º,Sahibinden SatÄ±lÄ±k Daire,AtaÅŸehir,03-05-2023
128,https://hecdn01.hemlak.com/mncropresize/182/137/ds01/6/9/5/3/2/7/0/4/afNd33S20MhZo-9XaLAle.jpg,zeytinburnunda 5+1 teraslÄ± balkonlu dubleks daire,325 mÂ²,5 + 1,18.000 â‚º,Sahibinden KiralÄ±k Daire,Zeytinburnu,02-05-2023
129,https://hecdn01.hemlak.com/mncropresize/182/137/ds01/6/5/9/1/2/7/0/4/1682969218552-40721956.jpg,sahibinden acil satÄ±lÄ±k 1. kat,105 mÂ²,2 + 1,1.260.000 â‚º,Sahibinden SatÄ±lÄ±k Daire,Sultangazi,04-05-2023
130,https://hecdn01.hemlak.com/mncropresize/182/137/ds01/9/7/2/2/2/7/0/4/1682978050-1767402-40722279.jpeg,akarsu inÅŸaattan sahibinden satÄ±lÄ±k lÃ¼x villa 13,300 mÂ²,5 + 3,13.490.000 â‚º,SatÄ±lÄ±k,BeylikdÃ¼zÃ¼,03-05-2023
131,https://hecdn01.hemlak.com/mncropresize/182/137/ds01/4/8/4/0/2/7/0/4/QHrJPpJvGFMryX_3r9fSy.jpeg,sahibinden anadolu sitesinde yeÅŸillikler iÃ§inde daire,110 mÂ²,2 + 1,1.980.000 â‚º,Sahibinden SatÄ±lÄ±k Daire,Kartal,01-05-2023
132,https://hecdn01.hemlak.com/mncropresize/182/137/ds01/7/4/3/9/1/7/0/4/1682939645-802681-40719347.jpeg,esenyurtta 2+1 dairemiz satÄ±lÄ±ktÄ±r?,105 mÂ²,2 + 1,1.480.000 â‚º,Sahibinden SatÄ±lÄ±k Daire,Esenyurt,01-05-2023
133,https://hecdn01.hemlak.com/mncropresize/182/137/ds01/1/3/4/6/1/7/0/4/FkENnv1L2chXWn5k30qqO.jpg,istanbul manzaralÄ± oturuma hazÄ±r yenilenmiÅŸ dubleks,210 mÂ²,4 + 1,4.500.000 â‚º,Sahibinden SatÄ±lÄ±k Daire,GaziosmanpaÅŸa,01-05-2023
134,https://hecdn01.hemlak.com/mncropresize/182/137/ds01/9/5/5/5/1/7/0/4/Y9z_TKyJhQekgjhSNpx1O.jpeg,2 oda 1 salon sahibinden krediye uygun satÄ±lÄ±k daire,100 mÂ²,2 + 1,2.350.000 â‚º,Sahibinden SatÄ±lÄ±k Daire,Fatih,30-04-2023
135,https://hecdn01.hemlak.com/mncropresize/182/137/ds01/1/3/2/4/1/7/0/4/cRmf5lLW2VwvNdNo5kDs-.png,eyÃ¼psultan dÃ¼ÄŸmeciler mahallesi'nde sahibinden satÄ±lÄ±k 4+1 daire,170 mÂ²,4 + 1,5.100.000 â‚º,Sahibinden SatÄ±lÄ±k Daire,EyÃ¼psultan,02-05-2023
136,https://hecdn01.hemlak.com/mncropresize/182/137/ds01/9/2/5/5/1/7/0/4/1682864918-188892-40715529.jpeg,ortakÃ¶y'de boÄŸaz manzaralÄ± satÄ±lÄ±k daire,85 mÂ²,2 + 1,7.000.000 â‚º,Sahibinden SatÄ±lÄ±k Daire,BeÅŸiktaÅŸ,01-05-2023
137,https://hecdn01.hemlak.com/mncropresize/182/137/ds01/3/9/7/2/8/3/0/4/1677741010145-40382793.jpg,3+1 kÄ±ralÄ±k esyasÄ±z ÅŸÄ±k gorunumu,130 mÂ²,3 + 1,9.000 â‚º,Sahibinden KiralÄ±k Daire,BahÃ§elievler,03-03-2023
138,https://hecdn01.hemlak.com/mncropresize/182/137/ds01/0/4/9/8/4/7/0/4/1683383967409-40748940.jpg,dÃ¼z giriÅŸ gibi bahÃ§e katÄ±,100 mÂ²,2 + 1,830.000 â‚º,Sahibinden SatÄ±lÄ±k Daire,Esenyurt,06-05-2023
139,https://hecdn01.hemlak.com/mncropresize/182/137/ds01/0/5/3/4/4/7/0/4/UUMpsnafIc9ci6ZqlkLUr.jpg,sahibinden eÅŸyalÄ± 1 yÄ±llÄ±k kira bedeli peÅŸin 60.000 tl,110 mÂ²,2 + 1,60.000 â‚º,Sahibinden KiralÄ±k Daire,Silivri,05-05-2023
140,https://hecdn01.hemlak.com/mncropresize/182/137/ds01/6/8/1/4/3/7/0/4/9eaf233c-0540-4021-9d85-591a0576051d.jpeg,satÄ±lÄ±k iÃ§i komple tadilatlÄ± gÃ¶kalp okul yakÄ±nÄ± 3+1 daire,115 mÂ²,3 + 1,3.700.000 â‚º,Sahibinden SatÄ±lÄ±k Daire,Zeytinburnu,03-05-2023
141,https://hecdn01.hemlak.com/mncropresize/182/137/ds01/6/2/7/7/2/7/0/4/1683054141732-40727726.jpg,ayazaga merkezde satÄ±lÄ±k 3+1daire,110 mÂ²,3 + 1,3.250.000 â‚º,Sahibinden SatÄ±lÄ±k Daire,SarÄ±yer,03-05-2023
142,https://hecdn01.hemlak.com/mncropresize/182/137/ds01/5/5/0/6/3/7/0/4/1683190976-1415749-40736055.jpeg,satÄ±lÄ±k ev,100 mÂ²,2 + 1,1.250.000.000 â‚º,Sahibinden SatÄ±lÄ±k Daire,GaziosmanpaÅŸa,04-05-2023
143,https://hecdn01.hemlak.com/mncropresize/182/137/ds01/5/4/2/4/3/7/0/4/1683202107-600735-40734245.jpeg,niÅŸantaÅŸÄ±na modern ÅŸÄ±k eÅŸyalÄ± 1+1 daire,70 mÂ²,1 + 1,25.000 â‚º,Sahibinden KiralÄ±k Daire,ÅiÅŸli,05-05-2023
144,https://hecdn01.hemlak.com/mncropresize/182/137/ds01/7/7/7/3/3/7/0/4/1683138457946-40733777.jpg,avcÄ±lar ticaret meslek lisesi karÅŸÄ±sÄ±nda satÄ±lÄ±k ara kat daire,150 mÂ²,2 + 1,1.850.000 â‚º,Sahibinden SatÄ±lÄ±k Daire,AvcÄ±lar,04-05-2023
145,https://hecdn01.hemlak.com/mncropresize/182/137/ds01/0/9/7/8/2/7/0/4/NxGSOmU1MMfuXbXk6lq6M.jpg,sahibinden ana cadde ustu,90 mÂ²,2 + 1,4.000.000 â‚º,Sahibinden SatÄ±lÄ±k Daire,Ãœmraniye,03-05-2023
146,https://hecdn01.hemlak.com/mncropresize/182/137/ds01/1/3/4/2/3/7/0/4/aRY55z8WebqWLPAdonw2Y.jpg,sahibinden kiralÄ±k hÄ±rkai ÅŸerif camii karÅŸÄ±sÄ± 2 kat kombili Ã§ift cephe 2+1 daire,80 mÂ²,2 + 1,8.500 â‚º,Sahibinden KiralÄ±k Daire,Fatih,03-05-2023
147,https://hecdn01.hemlak.com/mncropresize/182/137/ds01/1/5/2/4/1/7/0/4/1682845666040-40714251.jpg,sahibinden kiralÄ±k,75 mÂ²,1 + 1,8.000 â‚º,Sahibinden KiralÄ±k Daire,ÅiÅŸli,06-05-2023
148,https://hecdn01.hemlak.com/mncropresize/182/137/ds01/6/2/4/3/3/7/0/4/1683130281949-40733426.jpg,Ã§Ä±narcÄ±k merkezde sezonluk kiralÄ±k,110 mÂ²,2 + 1,10.000 â‚º,Sahibinden KiralÄ±k Daire,ÃœskÃ¼dar,06-05-2023
149,https://hecdn01.hemlak.com/mncropresize/182/137/ds01/6/9/6/3/4/7/0/4/1683295218822-40743696.jpg,bayana kiralik oda,125 mÂ²,3 + 1,1.000 â‚º,Sahibinden KiralÄ±k Daire,Esenyurt,05-05-2023
150,https://hecdn01.hemlak.com/mncropresize/182/137/ds01/0/6/6/2/2/7/0/4/1683006490282-40722660.jpg,seyÄ±r cd sahÄ±bÄ±nden temÄ±z esyalÄ± kÄ±ralÄ±k daÄ±re,115 mÂ²,3 + 1,7.500 â‚º,Sahibinden KiralÄ±k Daire,KaÄŸÄ±thane,06-05-2023
151,https://hecdn01.hemlak.com/mncropresize/182/137/ds01/9/7/4/4/1/7/0/4/1682848881666-40714479.jpg,sahibinden ataÅŸehir gardenya'da 1+1 kiralÄ±k daire,65 mÂ²,1 + 1,13.000 â‚º,Sahibinden KiralÄ±k Daire,AtaÅŸehir,30-04-2023
152,https://hecdn01.hemlak.com/mncropresize/182/137/ds01/7/3/3/5/1/7/0/4/1682861760772-40715337.jpg,sahibinden kiralik nanda towersda 1+1 kiralik daire,75 mÂ²,1 + 1,17.500 â‚º,KiralÄ±k,Kartal,30-04-2023
153,https://hecdn01.hemlak.com/mncropresize/182/137/ds01/2/3/2/5/4/7/0/4/d5109d9f-322f-47c9-8f0d-d3cf11aa6e2b.jpeg,uzundere merkezde 4 dairelik arsa mecidiye mh,169 mÂ²,,2.360.000 â‚º,SatÄ±lÄ±k,Sultanbeyli,06-05-2023
154,https://hecdn01.hemlak.com/mncropresize/182/137/ds01/9/3/5/6/4/7/0/4/c1a00371-3c95-448f-a2d4-652ea013be26.jpeg,sahibinden 3+1 daire,150 mÂ²,3 + 1,1.650.000 â‚º,Sahibinden SatÄ±lÄ±k Daire,Esenyurt,06-05-2023
155,https://hecdn01.hemlak.com/mncropresize/182/137/ds01/3/7/6/4/4/7/0/4/UzZA5vnRkG_nB8MUpV2Bz.jpg,"eÅŸyalÄ±,deniz manzaralÄ±, otoparklÄ±, havuzlu gÃ¼venlikli",120 mÂ²,3 + 1,2.900.000 â‚º,Sahibinden SatÄ±lÄ±k Daire,Esenyurt,06-05-2023
156,https://hecdn01.hemlak.com/mncropresize/182/137/ds01/2/4/5/0/4/7/0/4/1683271784351-40740542.jpg,iÃ§erenkÃ¶y muhtarlÄ±k civarÄ± 1+1 eÅŸyalÄ± keyifli teraslÄ± Ã§atÄ± katÄ± daire,85 mÂ²,1 + 1,8.500 â‚º,Sahibinden KiralÄ±k Daire,AtaÅŸehir,05-05-2023
157,https://hecdn01.hemlak.com/mncropresize/182/137/ds01/2/4/7/5/4/7/0/4/1683357096456-40745742.jpg,acil satÄ±lÄ±ktÄ±r!!!,28 mÂ²,,139.000 â‚º,SatÄ±lÄ±k,ArnavutkÃ¶y,06-05-2023
158,https://hecdn01.hemlak.com/mncropresize/182/137/ds01/4/0/7/5/2/7/0/4/0U3kGeuVvQ8Xj6qrBstJd.jpeg,aris grand tower sahibinden eÅŸyalÄ± 2+1 kiralÄ±k daire,110 mÂ²,2 + 1,12.500 â‚º,Sahibinden KiralÄ±k Daire,Esenyurt,04-05-2023
159,https://hecdn01.hemlak.com/mncropresize/182/137/ds01/7/1/5/1/2/7/0/4/1682960325-265672-40721517.jpeg,sahibinden 2+1 satÄ±lÄ±k daire,105 mÂ²,2 + 1,2.600.000 â‚º,Sahibinden SatÄ±lÄ±k Daire,Kartal,01-05-2023
160,https://hecdn01.hemlak.com/mncropresize/182/137/ds01/4/3/0/1/2/7/0/4/1682953576335-40721034.jpg,merkezi konumunda sahibinden kiralÄ±k,75 mÂ²,1 + 1,11.000 â‚º,Sahibinden KiralÄ±k Daire,Esenyurt,01-05-2023
161,https://hecdn01.hemlak.com/mncropresize/182/137/ds01/6/3/2/6/2/7/0/4/CBKLSOLJEO3JxtY5OObIW.jpg,kiptaÅŸ silivri 4. etap sahibinden satÄ±lÄ±k 2+1 kapalÄ± mutfak daire,73 mÂ²,2 + 1,1.750.000 â‚º,Sahibinden SatÄ±lÄ±k Daire,Silivri,02-05-2023
162,https://hecdn01.hemlak.com/mncropresize/182/137/ds01/2/0/1/7/1/7/0/4/5t09ODzlWtuCnOh5S9RmB.jpg,merter kiralÄ±k eÅŸyalÄ± oda,85 mÂ²,2 + 1,4.500 â‚º,Sahibinden KiralÄ±k Daire,GÃ¼ngÃ¶ren,05-05-2023
163,https://hecdn01.hemlak.com/mncropresize/182/137/ds01/1/4/4/4/4/7/0/4/1683305824-249435-40744441.jpeg,deÄŸerine deÄŸer katan gÃ¼zel bir mekan,205 mÂ²,,17.500.000 â‚º,SatÄ±lÄ±k,Zeytinburnu,06-05-2023
164,https://hecdn01.hemlak.com/mncropresize/182/137/ds01/3/2/0/3/2/7/0/4/1683011357414-40723023.jpg,sgk yanÄ± iskanlÄ± 3+1 ara kat,125 mÂ²,3 + 1,4.000.000 â‚º,Sahibinden SatÄ±lÄ±k Daire,Tuzla,02-05-2023
165,https://hecdn01.hemlak.com/mncropresize/182/137/ds01/3/0/2/1/4/7/0/4/LrpLWyC9XdnP3M7ljjzJq.jpg,kasÄ±mpaÅŸa kulaksÄ±zda kiralÄ±k 2+1 daire,90 mÂ²,2 + 1,8.000 â‚º,Sahibinden KiralÄ±k Daire,BeyoÄŸlu,06-05-2023
166,https://hecdn01.hemlak.com/mncropresize/182/137/ds01/0/8/6/7/3/7/0/4/1683202714961-40737680.jpg,sahibinden korunaklÄ±  havuzlu perde beton villa,700 mÂ²,5 + 2,42.000 â‚º,KiralÄ±k,Silivri,04-05-2023
167,https://hecdn01.hemlak.com/mncropresize/182/137/ds01/8/8/2/7/3/7/0/4/1683199061024-40737288.jpg,sahibinden satÄ±lÄ±k,165 mÂ²,3 + 1,3.250.000 â‚º,Sahibinden SatÄ±lÄ±k Daire,Esenyurt,04-05-2023
168,https://hecdn01.hemlak.com/mncropresize/182/137/ds01/7/0/8/8/2/7/0/4/1683095624182-40728807.jpg,kiralÄ±k daire,75 mÂ²,2 + 1,16.000 â‚º,Sahibinden KiralÄ±k Daire,SarÄ±yer,04-05-2023
169,https://hecdn01.hemlak.com/mncropresize/182/137/ds01/3/4/2/7/2/7/0/4/1683045385506-40727243.jpg,satÄ±lÄ±k tinyhouse,30 mÂ²,2 + 1,390.000 â‚º,SatÄ±lÄ±k,Silivri,03-05-2023
170,https://hecdn01.hemlak.com/mncropresize/182/137/ds01/3/0/3/2/2/7/0/4/457e4cbd-0b8a-4572-aad4-bbcc368b2cb2.jpg,Ã¼skÃ¼dar doÄŸancÄ±lar'da mÃ¼kemmel lokasyon 2+1+1 kiralÄ±k daire,110 mÂ²,2 + 1,15.500 â‚º,Sahibinden KiralÄ±k Daire,ÃœskÃ¼dar,05-05-2023
171,https://hecdn01.hemlak.com/mncropresize/182/137/ds01/0/7/9/1/2/7/0/4/1682969231572-40721970.jpg,acil satÄ±lÄ±k 3+1 daire 140 metre,140 mÂ²,3 + 1,2.000.000 â‚º,Sahibinden SatÄ±lÄ±k Daire,Esenyurt,02-05-2023
172,https://hecdn01.hemlak.com/mncropresize/182/137/ds01/2/6/0/3/1/7/0/4/1682799874018-40713062.jpg,sahibinden yÃ¼ksek kira getirili mÃ¼kemmel konumda satÄ±lÄ±k yeni bina,360 mÂ²,5 + 5,16.500.000 â‚º,SatÄ±lÄ±k,Fatih,04-05-2023
173,https://hecdn01.hemlak.com/mncropresize/182/137/ds01/4/0/1/3/1/7/0/4/gjU2YdBls566fuzW3jUdZ.jpg,armina evleri acil satÄ±lÄ±k 3+1 bahÃ§e katÄ±,120 mÂ²,3 + 1,5.700.000 â‚º,Sahibinden SatÄ±lÄ±k Daire,BaÅŸakÅŸehir,30-04-2023
174,https://hecdn01.hemlak.com/mncropresize/182/137/ds01/4/8/7/3/1/7/0/4/1682834271428-40713784.jpg,tek daire fiyatÄ±na iki daire. 189m2. 85+85-- 2*2+1,189 mÂ²,4 + 2,4.000.100 â‚º,Sahibinden SatÄ±lÄ±k Daire,ÅiÅŸli,30-04-2023
175,https://hecdn01.hemlak.com/mncropresize/182/137/ds01/8/7/1/1/1/7/0/4/1682771991397-40711178.jpg,site mah 3+1 net 100 m2 sahibinden,120 mÂ²,3 + 1,5.650.000 â‚º,Sahibinden SatÄ±lÄ±k Daire,Ãœmraniye,06-05-2023
176,https://hecdn01.hemlak.com/mncropresize/182/137/ds01/0/3/6/2/1/7/0/4/1682789834670-40712630.jpg,kiralÄ±k daire,95 mÂ²,2 + 1,10.000 â‚º,Sahibinden KiralÄ±k Daire,GaziosmanpaÅŸa,03-05-2023
177,https://hecdn01.hemlak.com/mncropresize/182/137/ds01/5/1/1/7/0/7/0/4/1682790581102-40707115.jpg,sahÄ±bÄ±nden dublex,240 mÂ²,5 + 2,6.000.000 â‚º,Sahibinden SatÄ±lÄ±k Daire,BeylikdÃ¼zÃ¼,30-04-2023
178,https://hecdn01.hemlak.com/mncropresize/182/137/ds01/1/9/9/6/0/7/0/4/1682695493-692193-40706991.jpeg,baÅŸakÅŸehir kayabaÅŸÄ± 22 bÃ¶lge ebeveyn  banyo Ã§amaÅŸÄ±r oda giyinme oda,136 mÂ²,3 + 1,5.850.000 â‚º,Sahibinden SatÄ±lÄ±k Daire,BaÅŸakÅŸehir,29-04-2023
179,https://hecdn01.hemlak.com/mncropresize/182/137/ds01/5/5/4/6/0/7/0/4/3wKSwizMHC8ao6BelxCg0.jpeg,kÃ¶ÅŸe baÅŸÄ± temiz karanligi olmayan daire,115 mÂ²,2 + 1,1.700.000 â‚º,Sahibinden SatÄ±lÄ±k Daire,Esenyurt,05-05-2023
180,https://hecdn01.hemlak.com/mncropresize/182/137/ds01/8/9/9/7/0/7/0/4/1682718064420-40707998.jpg,sahibinden satÄ±lÄ±k dublex daire,210 mÂ²,5 + 2,3.300.000 â‚º,Sahibinden SatÄ±lÄ±k Daire,BaÄŸcÄ±lar,29-04-2023
181,https://hecdn01.hemlak.com/mncropresize/182/137/ds01/7/8/2/7/0/7/0/4/1682702410-2168388-40707287.jpeg,sahibinden satÄ±lÄ±k bahÃ§e katÄ±,180 mÂ²,3 + 1,5.000.000 â‚º,Sahibinden SatÄ±lÄ±k Daire,ÅiÅŸli,28-04-2023
182,https://hecdn01.hemlak.com/mncropresize/182/137/ds01/3/1/2/3/0/7/0/4/P5nzO1xKipgr6KYEzgfRf.jpg,Ã§ekmekÃ¶y hamidiye'de Ã¶nÃ¼ aÃ§Ä±k 3+1 ara kat satÄ±lÄ±k daire,130 mÂ²,3 + 1,4.200.000 â‚º,Sahibinden SatÄ±lÄ±k Daire,Ã‡ekmekÃ¶y,01-05-2023
183,https://hecdn01.hemlak.com/mncropresize/182/137/ds01/2/2/9/2/0/7/0/4/1682662817603-40702922.jpg,sahibinden Ã¼mraniye meydanda yeni sitede,90 mÂ²,2 + 1,3.420.000 â‚º,Sahibinden SatÄ±lÄ±k Daire,Ãœmraniye,28-04-2023
184,https://hecdn01.hemlak.com/mncropresize/182/137/ds01/8/0/5/3/0/7/0/4/1682669283-650505-40703508.jpeg,cihangirde geniÅŸ bahÃ§eli 1+1,85 mÂ²,1 + 1,3.800.000 â‚º,Sahibinden SatÄ±lÄ±k Daire,BeyoÄŸlu,29-04-2023
185,https://hecdn01.hemlak.com/mncropresize/182/137/ds01/8/9/2/1/0/7/0/4/1682610733-07084-40701298.jpeg,buya park evleri 3+1,110 mÂ²,3 + 1,3.850.000 â‚º,Sahibinden SatÄ±lÄ±k Daire,BaÄŸcÄ±lar,29-04-2023
186,https://hecdn01.hemlak.com/mncropresize/182/137/ds01/6/5/0/2/0/7/0/4/JE3SuAsEaYfGlPmb6H2Mq.jpeg,gÃ¼rsel residence 2+1- 6. kat kapalÄ± mutfak lÃ¼ks daire,82 mÂ²,2 + 1,3.700.000 â‚º,Sahibinden SatÄ±lÄ±k Daire,KaÄŸÄ±thane,28-04-2023
187,https://hecdn01.hemlak.com/mncropresize/182/137/ds01/6/0/9/0/0/7/0/4/1682607445706-40700906.jpg,sezonluk kiralÄ±k,125 mÂ²,3 + 1,75.000 â‚º,KiralÄ±k,Silivri,05-05-2023
188,https://hecdn01.hemlak.com/mncropresize/182/137/ds01/3/1/9/1/0/7/0/4/NGkhjtZooZUwijLL1B4uB.jpeg,gÃ¼rsel residence 2+1 kapalÄ± mutfak lÃ¼ks daire,82 mÂ²,2 + 1,3.200.000 â‚º,Sahibinden SatÄ±lÄ±k Daire,KaÄŸÄ±thane,28-04-2023
189,https://hecdn01.hemlak.com/mncropresize/182/137/ds01/7/5/6/6/9/6/0/4/1682577425832-40696657.jpg,satÄ±lÄ±k daire,110 mÂ²,2 + 1,2.500.000 â‚º,Sahibinden SatÄ±lÄ±k Daire,KÃ¼Ã§Ã¼kÃ§ekmece,27-04-2023
190,https://hecdn01.hemlak.com/mncropresize/182/137/ds01/2/4/1/7/9/6/0/4/1682581816302-40697142.jpg,sahibinden hisse tapulu 286m2 arsa ve mÃ¼stakil ev,286 mÂ²,,4.550.000 â‚º,SatÄ±lÄ±k,Sancaktepe,02-05-2023
191,https://hecdn01.hemlak.com/mncropresize/182/137/ds01/0/7/5/8/9/6/0/4/vVKTObVeaFUz_1cod4qfM.jpeg,sahibinden acil satÄ±lÄ±k,95 mÂ²,2 + 1,4.650.000 â‚º,Sahibinden SatÄ±lÄ±k Daire,Maltepe,27-04-2023
192,https://hecdn01.hemlak.com/mncropresize/182/137/ds01/1/7/8/6/9/6/0/4/1682580615-200608-40696871.jpeg,satÄ±lÄ±k site iÃ§erisinde dubleks,280 mÂ²,5 + 1,5.400.000 â‚º,Sahibinden SatÄ±lÄ±k Daire,BÃ¼yÃ¼kÃ§ekmece,06-05-2023
193,https://hecdn01.hemlak.com/mncropresize/182/137/ds01/6/0/6/0/0/7/0/4/b8NqfwKLfDkdq4zzGb4yI.jpeg,optimum modern kiracÄ±lÄ± 1+1 metro / resmi kurumlar yanÄ±baÅŸÄ±nda,62 mÂ²,1 + 1,2.400.000 â‚º,Sahibinden SatÄ±lÄ±k Daire,Pendik,27-04-2023
194,https://hecdn01.hemlak.com/mncropresize/182/137/ds01/3/0/7/7/9/6/0/4/1682586241-6150808-40697703.jpeg,silivri sancaktepe de denize yakÄ±n sÃ¼per konumda villa,280 mÂ²,3 + 1,7.600.000 â‚º,SatÄ±lÄ±k,Silivri,27-04-2023
195,https://hecdn01.hemlak.com/mncropresize/182/137/ds01/3/4/5/7/9/6/0/4/ao4NSawOx9-Rkbb0Ps86n.jpg,*ataÅŸehir*finans merkezi'ne yakÄ±n* ÅŸerifali 'de havuz cehpeli site iÃ§inde 3+1**satÄ±lÄ±k,130 mÂ²,3 + 1,6.630.000 â‚º,Sahibinden SatÄ±lÄ±k Daire,Ãœmraniye,27-04-2023
196,https://hecdn01.hemlak.com/mncropresize/182/137/ds01/4/2/3/8/9/6/0/4/1682589569588-40698324.jpg,bahÃ§eli mÃ¼stakil ev,203 mÂ²,3 + 1,3.200.000 â‚º,SatÄ±lÄ±k,Tuzla,05-05-2023
197,https://hecdn01.hemlak.com/mncropresize/182/137/ds01/5/2/1/6/9/6/0/4/1682553008-329567-40696125.jpeg,2+1 full yapÄ±lÄ± kapalÄ± otaparklÄ± asansÃ¶rlÃ¼,100 mÂ²,2 + 1,2.350.000 â‚º,Sahibinden SatÄ±lÄ±k Daire,BeylikdÃ¼zÃ¼,28-04-2023
198,https://hecdn01.hemlak.com/mncropresize/182/137/ds01/2/4/7/5/9/6/0/4/lLmJzxoJ9czYptUujQul6.jpeg,cumhuriyet mh. 4+1 dublex asansÃ¶rlÃ¼ gÃ¶l manzaralÄ± daire,200 mÂ²,4 + 1,3.900.000 â‚º,Sahibinden SatÄ±lÄ±k Daire,KÃ¼Ã§Ã¼kÃ§ekmece,30-04-2023
199,https://hecdn01.hemlak.com/mncropresize/182/137/ds01/3/8/0/3/9/6/0/4/QWzXr8JWAUd7BICmutr7y.jpg,Ã§amlÄ±k lalezar sitesinde sahibinden satÄ±lÄ±k daire,90 mÂ²,2 + 1,2.500.000 â‚º,Sahibinden SatÄ±lÄ±k Daire,Pendik,04-05-2023
200,https://hecdn01.hemlak.com/mncropresize/182/137/ds01/7/1/1/4/9/6/0/4/uukD2TeF43OnrCwZJysrU.jpeg,baÅŸakÅŸehir yatÄ±rÄ±ma uygun 2+1 sÃ¼per daire,100 mÂ²,2 + 1,1.350.000 â‚º,Sahibinden SatÄ±lÄ±k Daire,BaÅŸakÅŸehir,29-04-2023
201,https://hecdn01.hemlak.com/mncropresize/182/137/ds01/9/7/0/5/9/6/0/4/1682527181747-40695079.jpg,okan  Ã¼niversite hst.yanÄ± daÄ±re veya ofÄ±s $$$$ komisyon yok$$$$,95 mÂ²,2 + 1,8.250 â‚º,Sahibinden KiralÄ±k Daire,Tuzla,03-05-2023
202,https://hecdn01.hemlak.com/mncropresize/182/137/ds01/0/0/7/3/9/6/0/4/1682515191885-40693700.jpg,sahibinden metrobÃ¼se 15 dakika,130 mÂ²,3 + 1,1.250.000 â‚º,Sahibinden SatÄ±lÄ±k Daire,AvcÄ±lar,27-04-2023
203,https://hecdn01.hemlak.com/mncropresize/182/137/ds01/5/5/7/7/8/6/0/4/1682430101791-40687755.jpg,5 yÄ±llÄ±k binada sahibinden 2+1,75 mÂ²,2 + 1,2.200.000 â‚º,Sahibinden SatÄ±lÄ±k Daire,ÅiÅŸli,04-05-2023
204,https://hecdn01.hemlak.com/mncropresize/182/137/ds01/0/8/6/8/8/6/0/4/1682438755290-40688680.jpg,buyukcekmecede havuzlu full deniz manzarali 4 +1 lÃ¼ks site,250 mÂ²,4 + 1,20.000 â‚º,Sahibinden KiralÄ±k Daire,BÃ¼yÃ¼kÃ§ekmece,26-04-2023
205,https://hecdn01.hemlak.com/mncropresize/182/137/ds01/2/7/7/8/8/6/0/4/1682440163785-40688772.jpg,sinpaÅŸ gÃ¶korman'da boÅŸ bÃ¼yÃ¼k tip 2+1 hemen taÅŸÄ±nÄ±n,117 mÂ²,2 + 1,6.550.000 â‚º,Sahibinden SatÄ±lÄ±k Daire,Ãœmraniye,26-04-2023
206,https://hecdn01.hemlak.com/mncropresize/182/137/ds01/8/2/0/6/8/6/0/4/1682418046-0164518-40686028.jpeg,aciiiilll aciiiiilll satÄ±lÄ±k,95 mÂ²,2 + 1,2.949.000 â‚º,Sahibinden SatÄ±lÄ±k Daire,ÃœskÃ¼dar,25-04-2023
207,https://hecdn01.hemlak.com/mncropresize/182/137/ds01/1/0/4/4/8/6/0/4/rfvX5uwa2Y38JMroiMV8Y.jpg,fulya ortaklarda the marmara oteline 150 metre mesafede 2+1 bakÄ±mlÄ± daire,110 mÂ²,2 + 1,17.500 â‚º,Sahibinden KiralÄ±k Daire,ÅiÅŸli,25-04-2023
208,https://hecdn01.hemlak.com/mncropresize/182/137/ds01/8/6/2/2/8/6/0/4/X5bC7cHgMuGcFhewqsNv6.jpg,"casablu Ä±stanbul indirimğŸŒ      istanbul ğŸ“ŒbÃ¼yÃ¼kÃ§ekmece, kazablu ğŸ”±bÃ¼yÃ¼kÃ§ekmece'de sahile bakan, gec",100 mÂ²,2 + 1,4.851.450 â‚º,Sahibinden SatÄ±lÄ±k Daire,BaÄŸcÄ±lar,24-04-2023
209,https://hecdn01.hemlak.com/mncropresize/182/137/ds01/4/3/7/2/8/6/0/4/1682352073311-40682734.jpg,ak towers residence satÄ±lÄ±k daire,110 mÂ²,2 + 1,2.250.000 â‚º,Sahibinden SatÄ±lÄ±k Daire,Esenyurt,24-04-2023
210,https://hecdn01.hemlak.com/mncropresize/182/137/ds01/8/4/0/3/8/6/0/4/1682356788817-40683048.jpg,sahibinden beyoÄŸlu yahya kahya'da 2+1,100 mÂ²,2 + 1,2.100.000 â‚º,Sahibinden SatÄ±lÄ±k Daire,BeyoÄŸlu,04-05-2023
211,https://hecdn01.hemlak.com/mncropresize/182/137/ds01/9/0/5/2/8/6/0/4/1682349452945-40682509.jpg,kiralÄ±k daire (2+1 / merkezi noktada),86 mÂ²,2 + 1,9.500 â‚º,Sahibinden KiralÄ±k Daire,EyÃ¼psultan,28-04-2023
212,https://hecdn01.hemlak.com/mncropresize/182/137/ds01/8/1/6/3/8/6/0/4/1682373209214-40683618.jpg,kiralÄ±k daire 2+1 yerden Ä±sÄ±tmalÄ±,90 mÂ²,2 + 1,13.000 â‚º,Sahibinden KiralÄ±k Daire,BeylikdÃ¼zÃ¼,25-04-2023
213,https://hecdn01.hemlak.com/mncropresize/182/137/ds01/5/0/3/2/8/6/0/4/wK1Bm0YEgSgDoRDe4HLV4.jpg,ful eÅŸyalÄ± sahibinden,145 mÂ²,3 + 1,38.000 â‚º,Sahibinden KiralÄ±k Daire,BeÅŸiktaÅŸ,24-04-2023
214,https://hecdn01.hemlak.com/mncropresize/182/137/ds01/2/5/7/0/8/6/0/4/hAproaFotPrgLSGlIegTN.jpeg,ĞºĞ²Ğ°Ñ€Ñ‚Ğ¸Ñ€Ğ° Ğ² Ğ°Ñ€ĞµĞ½Ğ´Ñƒ Ğ¼ĞµĞ±ĞµĞ»Ğ¸Ñ€Ğ¾Ğ²Ğ°Ğ½Ğ½Ğ°Ñ / sahibinden kiralÄ±k 1+1 daire.,60 mÂ²,1 + 1,38.500 â‚º,Sahibinden KiralÄ±k Daire,ÃœskÃ¼dar,24-04-2023
215,https://hecdn01.hemlak.com/mncropresize/182/137/ds01/8/0/8/0/8/6/0/4/1682335941520-40680808.jpg,satÄ±lÄ±k hisseli arsa,280 mÂ²,,480.000 â‚º,SatÄ±lÄ±k,Ã‡atalca,06-05-2023
216,https://hecdn01.hemlak.com/mncropresize/182/137/ds01/9/7/5/0/8/6/0/4/1682334520-840914-40680579.jpeg,sahibinden yeni yapÄ± bahÃ§e kullanÄ±mlÄ± t.dublex,129 mÂ²,3 + 1,1.875.000 â‚º,Sahibinden SatÄ±lÄ±k Daire,Sancaktepe,24-04-2023
217,https://hecdn01.hemlak.com/mncropresize/182/137/ds01/6/2/7/7/7/6/0/4/ySsvrFGRfJWmc4DXZV_Li.jpeg,site iÃ§inde gÃ¼nlÃ¼k kiralÄ±k daire,80 mÂ²,StÃ¼dyo,1.200 â‚º,Sahibinden KiralÄ±k Daire,BahÃ§elievler,06-05-2023
218,https://hecdn01.hemlak.com/mncropresize/182/137/ds01/7/2/1/6/7/6/0/4/Q4EWOiMHY72NVlFB3Pzmq.jpeg,"ardÄ±Ã§lÄ± mahallesi meydan ardÄ±Ã§lÄ± 3,5+1 eÅŸyalÄ± satÄ±lÄ±k bahÃ§eli yÃ¼ksek giriÅŸ loft daire",409 mÂ²,3 + 1,12.200.000 â‚º,Sahibinden SatÄ±lÄ±k Loft Daire,Esenyurt,05-05-2023
219,https://hecdn01.hemlak.com/mncropresize/182/137/ds01/8/7/0/6/7/6/0/4/W9YNm1TMauCLZjT-bMXDe.jpeg,acil esenyurt fiyaka esenÅŸehir 3+1 eÅŸyalÄ± satÄ±lÄ±k daire takas Ã¶nerilebilir.,150 mÂ²,3 + 1,2.650.000 â‚º,Sahibinden SatÄ±lÄ±k Daire,Esenyurt,05-05-2023
220,https://hecdn01.hemlak.com/mncropresize/182/137/ds01/4/1/0/5/7/6/0/4/1682178107-8576179-40675014.jpeg,muhteÅŸem lokasyonda site iÃ§inde kendisine ait otoparklÄ±,130 mÂ²,3 + 1,2.995.000 â‚º,Sahibinden SatÄ±lÄ±k Daire,AvcÄ±lar,22-04-2023
221,https://hecdn01.hemlak.com/mncropresize/182/137/ds01/8/3/5/4/7/6/0/4/4R7sm2whDO1bC7G0nMMtV.jpg,eÅŸyalÄ± kiralÄ±k daire (emlak danÄ±ÅŸmanÄ±ndan),95 mÂ²,2 + 1,11.000 â‚º,Sahibinden KiralÄ±k Daire,BakÄ±rkÃ¶y,22-04-2023
222,https://hecdn01.hemlak.com/mncropresize/182/137/ds01/5/9/5/3/7/6/0/4/1682117730572-40673595.jpg,satÄ±lÄ±k 3+1 sÃ¼per lÃ¼ks daire,117 mÂ²,3 + 1,3.850.000 â‚º,Sahibinden SatÄ±lÄ±k Daire,Ã‡ekmekÃ¶y,05-05-2023
223,https://hecdn01.hemlak.com/mncropresize/182/137/ds01/5/4/1/2/7/6/0/4/1682055460236-40672145.jpg,gÃ¼zel konut sitesi b2 blok satÄ±lÄ±k sahibinden,130 mÂ²,3 + 1,3.500.000 â‚º,Sahibinden SatÄ±lÄ±k Daire,GÃ¼ngÃ¶ren,04-05-2023
224,https://hecdn01.hemlak.com/mncropresize/182/137/ds01/5/4/1/1/7/6/0/4/SRj4FerwMdjSDJ_9AkwON.jpeg,fÄ±rsat mimardan ikamete uygun aydÄ±nlÄ±k yÃ¼ksak kat lÃ¼ks boÅŸ residence komisyon yok,75 mÂ²,1 + 1,3.200.000 â‚º,SatÄ±lÄ±k,KaÄŸÄ±thane,02-05-2023
225,https://hecdn01.hemlak.com/mncropresize/182/137/ds01/5/9/4/0/7/6/0/4/aed21e23-d808-4e81-9a54-33ea90ab9770.jpg,sancaktepe kasrÄ± lena sitesi satÄ±lÄ±k 144m2 3+1 sÄ±fÄ±r daire,144 mÂ²,3 + 1,5.250.000 â‚º,Sahibinden SatÄ±lÄ±k Daire,Sancaktepe,20-04-2023
226,https://hecdn01.hemlak.com/mncropresize/182/137/ds01/6/0/4/1/7/6/0/4/1682019463-372316-40671406.jpeg,acil satÄ±lÄ±k silivri deÄŸirmenkÃ¶yde 441 metre tarla,441 mÂ²,,485.000 â‚º,SatÄ±lÄ±k,Silivri,25-04-2023
227,https://hecdn01.hemlak.com/mncropresize/182/137/ds01/3/8/0/1/7/6/0/4/Fra3Gvmg1-svHCzosCUxG.jpeg,fÄ±rsat mimardan Ã§ift cephe aydÄ±nlÄ±k balkonlu bÃ¼yÃ¼k tip 1+1  ikamete uygun lÃ¼x eÅŸyalÄ± komisyon yok,75 mÂ²,1 + 1,16.500 â‚º,KiralÄ±k,KaÄŸÄ±thane,02-05-2023
228,https://hecdn01.hemlak.com/mncropresize/182/137/ds01/3/3/7/1/7/6/0/4/1682031519643-40671733.jpg,sahibinden temiz ferah 1+1 bahÃ§e kati,65 mÂ²,1 + 1,1.225.000 â‚º,Sahibinden SatÄ±lÄ±k Daire,BahÃ§elievler,01-05-2023
229,https://hecdn01.hemlak.com/mncropresize/182/137/ds01/6/8/2/0/7/6/0/4/7SNZbmveN8lHXuxBL2zll.jpg,dumankaya miks 1+1 58 m2 atakent sitenin en ucuzu,58 mÂ²,,1.825.000 â‚º,SatÄ±lÄ±k,KÃ¼Ã§Ã¼kÃ§ekmece,20-04-2023
230,https://hecdn01.hemlak.com/mncropresize/182/137/ds01/7/8/1/5/6/6/0/4/1682359060049-40665187.jpg,silivri satilik 3+1 lÃ¼ks daire,140 mÂ²,3 + 1,2.250.000 â‚º,Sahibinden SatÄ±lÄ±k Daire,Silivri,05-05-2023
231,https://hecdn01.hemlak.com/mncropresize/182/137/ds01/8/9/9/1/6/6/0/4/1681854857101-40661998.jpg,Ø´Ù‚Ù‡ ÙØ®Ù…Ù‡ Ù…ÙØ±ÙˆØ´Ù‡ ØºØ±ÙØªÙŠÙ† ÙˆØµØ§Ù„Ù‡ ÙˆØ¨Ù„ÙƒÙˆÙ† ÙÙŠ Ù…Ø­Ù…ÙˆØ¯ Ø¨ÙŠÙƒ Ø¨Ø§ØºØ¬ÙŠÙ„Ø§Ø±,100 mÂ²,2 + 1,25.000 â‚º,Sahibinden KiralÄ±k Daire,BaÄŸcÄ±lar,19-04-2023
232,https://hecdn01.hemlak.com/mncropresize/182/137/ds01/2/5/6/8/5/6/0/4/1681811687493-40658652.jpg,arnavutkoyde satÄ±lÄ±k lÃ¼ks daire,95 mÂ²,2 + 1,2.220.000 â‚º,Sahibinden SatÄ±lÄ±k Daire,ArnavutkÃ¶y,01-05-2023
233,https://hecdn01.hemlak.com/mncropresize/182/137/ds01/3/5/6/9/5/6/0/4/pKvRBCAe49lpVo0boZdZD.jpg,5. katlÄ± binada 3. kat 17. bÃ¶lge 2+1 122m Ã§ift cephe 20gÃ¼n,122 mÂ²,2 + 1,3.750.000 â‚º,Sahibinden SatÄ±lÄ±k Daire,BaÅŸakÅŸehir,02-05-2023
234,https://hecdn01.hemlak.com/mncropresize/182/137/ds01/6/2/3/1/6/6/0/4/8caabfe3-61d3-4211-99d4-cbaca99d1f92.jpg,site mah 3+1 100 m2 sahibinden finans merkezine yakin,120 mÂ²,3 + 1,5.650.000 â‚º,Sahibinden SatÄ±lÄ±k Daire,Ãœmraniye,06-05-2023
235,https://hecdn01.hemlak.com/mncropresize/182/137/ds01/9/3/1/1/6/6/0/4/1681833792425-40661139.jpg,sahibinden sÄ±fÄ±r bina,72 mÂ²,2 + 1,5.000.000 â‚º,Sahibinden SatÄ±lÄ±k Daire,Maltepe,18-04-2023
236,https://hecdn01.hemlak.com/mncropresize/182/137/ds01/0/4/3/0/6/6/0/4/tUd2ejZ2enHePm7DOw68n.jpg,sahibinden toki akasya 1 sitesi 3+1 152m2 boÅŸ satÄ±lÄ±k daire,152 mÂ²,3 + 1,5.250.000 â‚º,Sahibinden SatÄ±lÄ±k Daire,KÃ¼Ã§Ã¼kÃ§ekmece,18-04-2023
237,https://hecdn01.hemlak.com/mncropresize/182/137/ds01/2/5/2/1/6/6/0/4/hNCbJof_h4Ihyo5g9mbRi.jpeg,satÄ±lÄ±k lÃ¼x dublex 5+1 mÃ¼kkeml konum ve lokasyon sÄ±fÄ±r - kredi sorunsuz,190 mÂ²,4 + 2,4.000.000 â‚º,Sahibinden SatÄ±lÄ±k Daire,EyÃ¼psultan,18-04-2023
238,https://hecdn01.hemlak.com/mncropresize/182/137/ds01/6/0/6/9/5/6/0/4/1681818877-697259-40659606.jpeg,"sahibinden suadiye tonozluâ€™da muhteÅŸem deniz manzaralÄ±, 115 m2 net 3+1",150 mÂ²,3 + 1,11.150.000 â‚º,Sahibinden SatÄ±lÄ±k Daire,KadÄ±kÃ¶y,20-04-2023
239,https://hecdn01.hemlak.com/mncropresize/182/137/ds01/8/8/1/0/6/6/0/4/cWQjNxLyzCAa2Np-N8MTB.jpg,sahibinden silivri gÃ¼mÃ¼ÅŸyaka da 5+1 havuzlu - deniz manzaralÄ± - lÃ¼x - triblex - villa - yazlÄ±k - ev,1.377 mÂ²,6 + 1,5.500.000 â‚º,SatÄ±lÄ±k,Silivri,03-05-2023
240,https://hecdn01.hemlak.com/mncropresize/182/137/ds01/5/2/1/9/5/6/0/4/cHCwjfbSPvFs8ZraL6xvW.jpeg,sahibinden satÄ±lÄ±k 3+1,126 mÂ²,3 + 1,9.000.000 â‚º,Sahibinden SatÄ±lÄ±k Daire,KadÄ±kÃ¶y,18-04-2023
241,https://hecdn01.hemlak.com/mncropresize/182/137/ds01/6/0/6/9/5/6/0/4/1681818877-697259-40659606.jpeg,"sahibinden suadiye tonozluâ€™da muhteÅŸem deniz manzaralÄ±, 115 m2 net 3+1",150 mÂ²,3 + 1,11.150.000 â‚º,Sahibinden SatÄ±lÄ±k Daire,KadÄ±kÃ¶y,20-04-2023
242,https://hecdn01.hemlak.com/mncropresize/182/137/ds01/8/8/1/0/6/6/0/4/cWQjNxLyzCAa2Np-N8MTB.jpg,sahibinden silivri gÃ¼mÃ¼ÅŸyaka da 5+1 havuzlu - deniz manzaralÄ± - lÃ¼x - triblex - villa - yazlÄ±k - ev,1.377 mÂ²,6 + 1,5.500.000 â‚º,SatÄ±lÄ±k,Silivri,03-05-2023
243,https://hecdn01.hemlak.com/mncropresize/182/137/ds01/9/3/4/7/5/6/0/4/4cuKU35KOvMQERM9KR5uo.jpg,sahibinden - kalamÄ±ÅŸ sahil butik yeni bina da deniz manzaralÄ± lÃ¼ks dubleks daire,180 mÂ²,2 + 2,60.000 â‚º,Sahibinden KiralÄ±k Daire,KadÄ±kÃ¶y,18-04-2023
244,https://hecdn01.hemlak.com/mncropresize/182/137/ds01/3/6/5/7/5/6/0/4/1681804193-045044-40657563.jpeg,acil sahibinden satÄ±lÄ±k adliyeye yakÄ±n neti 85 m2 2+1 daire,95 mÂ²,2 + 1,2.800.000 â‚º,Sahibinden SatÄ±lÄ±k Daire,KaÄŸÄ±thane,18-04-2023
245,https://hecdn01.hemlak.com/mncropresize/182/137/ds01/0/1/4/4/5/6/0/4/1681735821-894851-40654410.jpeg,kanal istanbul projesinde 2+1 satÄ±lÄ±k daire,110 mÂ²,2 + 1,6.000.000 â‚º,Sahibinden SatÄ±lÄ±k Daire,AvcÄ±lar,03-05-2023
246,https://hecdn01.hemlak.com/mncropresize/182/137/ds01/3/5/1/4/5/6/0/4/sFdYBLLJS6d685hDuioyx.jpeg,yÄ±ldÄ±ztepe mh. metro Ã¶nÃ¼nde 150 m2 kat mÃ¼lkiyetli iskanlÄ± depolu dÃ¼kkan,160 mÂ²,,1.950.000 â‚º,SatÄ±lÄ±k,BaÄŸcÄ±lar,25-04-2023
247,https://hecdn01.hemlak.com/mncropresize/182/137/ds01/0/1/5/3/5/6/0/4/HOjFjclm2Neu_lpWHO29X.jpg,beÅŸiktaÅŸta sahibinden kiracÄ±sÄ±z sÄ±fÄ±r masraf daire,125 mÂ²,2 + 1,3.490.000 â‚º,Sahibinden SatÄ±lÄ±k Daire,BeÅŸiktaÅŸ,17-04-2023
248,https://hecdn01.hemlak.com/mncropresize/182/137/ds01/6/8/0/6/5/6/0/4/03e77ea9-bc60-478d-bddf-d32e8c4331fb.jpg,satÄ±lÄ±k dubleks,170 mÂ²,4 + 1,11.000.000 â‚º,Sahibinden SatÄ±lÄ±k Daire,AtaÅŸehir,20-04-2023
249,https://hecdn01.hemlak.com/mncropresize/182/137/ds01/4/3/5/3/5/6/0/4/Qs25NSzqXj4XJ8TluVq2l.jpg,sahibinden kÃ¼Ã§Ã¼kÃ§ekmece fatih mah. 3+1 kiralÄ±k daire balkonlu 4.kat â€‹kapalÄ± otopark asansÃ¶r,143 mÂ²,3 + 1,17.000 â‚º,Sahibinden KiralÄ±k Daire,KÃ¼Ã§Ã¼kÃ§ekmece,27-04-2023
250,https://hecdn01.hemlak.com/mncropresize/182/137/ds01/0/4/2/5/5/6/0/4/1681742353354-40655240.jpg,ferah kÃ¶ÅŸe geniÅŸ ebeveyn banyolu 3+1 3.kat,145 mÂ²,3 + 1,2.600.000 â‚º,Sahibinden SatÄ±lÄ±k Daire,Esenyurt,17-04-2023
251,https://hecdn01.hemlak.com/mncropresize/182/137/ds01/0/3/1/2/5/6/0/4/80c395c4-f044-47ee-857c-26cbc14914d5.jpg,"kadÄ±n ev arkadaÅŸÄ±,eÅŸyalÄ± oda",360 mÂ²,4 + 1,6.000 â‚º,Sahibinden KiralÄ±k Daire,Beykoz,17-04-2023
252,https://hecdn01.hemlak.com/mncropresize/182/137/ds01/9/2/6/2/5/6/0/4/FkaG_ByVUuQTk_8AZDKI1.jpg,sahibinden kÃ¼Ã§Ã¼kyalÄ± altÄ±ntepede yeni bitmiÅŸ sÄ±fÄ±r daire ...,90 mÂ²,2 + 1,3.450.000 â‚º,Sahibinden SatÄ±lÄ±k Daire,Maltepe,17-04-2023
253,https://hecdn01.hemlak.com/mncropresize/182/137/ds01/3/5/0/0/5/6/0/4/JwaRHrVEsmEydB116uL62.jpg,kumbaba'da 3+1 mÃ¼stakil bahÃ§eli havuzlu eÅŸyalÄ± villa,200 mÂ²,3 + 1,7.800.000 â‚º,SatÄ±lÄ±k,Åile,16-04-2023
254,https://hecdn01.hemlak.com/mncropresize/182/137/ds01/6/5/9/9/4/6/0/4/pqIUFFN1Q8yxolpGEGGLr.jpeg,tuzla aydÄ±nlÄ±'da 3+1 satÄ±lÄ±k daire,120 mÂ²,3 + 1,2.700.000 â‚º,Sahibinden SatÄ±lÄ±k Daire,Tuzla,19-04-2023
255,https://hecdn01.hemlak.com/mncropresize/182/137/ds01/7/5/4/0/5/6/0/4/U4qtmKl_iGOLeVlJyuNmy.jpg,sahibinden satÄ±lÄ±k (komisyonsuz) lÃ¼x sitede suryapÄ± adapark 3+1 139m2 boÅŸ daire,139 mÂ²,3 + 1,5.900.000 â‚º,Sahibinden SatÄ±lÄ±k Daire,Sancaktepe,24-04-2023
256,https://hecdn01.hemlak.com/mncropresize/182/137/ds01/8/8/5/0/5/6/0/4/1681675755-736805-40650588.jpeg,sahibinden satÄ±lÄ±k daire,157 mÂ²,3 + 1,3.780.000 â‚º,Sahibinden SatÄ±lÄ±k Daire,Sancaktepe,17-04-2023
257,https://hecdn01.hemlak.com/mncropresize/182/137/ds01/2/4/1/9/4/6/0/4/1681646454-618844-40649142.jpeg,"muhteÅŸem deniz manzaralÄ±, mÃ¼stakil bahÃ§e dubleksi",150 mÂ²,3 + 1,73.000 â‚º,KiralÄ±k,Beykoz,17-04-2023
258,https://hecdn01.hemlak.com/mncropresize/182/137/ds01/9/2/4/9/4/6/0/4/1681650776-0743818-40649429.jpeg,esenyurt garde city 1 Ã¶zyurtlar,87 mÂ²,2 + 1,1.500.000 â‚º,Sahibinden SatÄ±lÄ±k Daire,Esenyurt,17-04-2023
259,https://hecdn01.hemlak.com/mncropresize/182/137/ds01/2/9/0/7/4/6/0/4/1681583795-557975-40647092.jpeg,full eÅŸyalÄ± adÄ±m istanbul evlerinde kent meydan manzaralÄ± !!,128 mÂ²,2 + 1,6.250.000 â‚º,Sahibinden SatÄ±lÄ±k Daire,BaÅŸakÅŸehir,16-04-2023
260,https://hecdn01.hemlak.com/mncropresize/182/137/ds01/3/6/2/7/4/6/0/4/1681588612-1520329-40647263.jpeg,sahibinden 4+2 otoparklÄ± dublexs,170 mÂ²,4 + 2,3.850.000 â‚º,Sahibinden SatÄ±lÄ±k Daire,AvcÄ±lar,16-04-2023
261,https://hecdn01.hemlak.com/mncropresize/182/137/ds01/3/9/7/2/4/6/0/4/1681540741502-40642793.jpg,"sahibinden ebeveyn banyolu, kÄ±sa katlÄ± bloklar, otopark, havuz, gÃ¼venlik",130 mÂ²,2 + 1,2.850.000 â‚º,Sahibinden SatÄ±lÄ±k Daire,BÃ¼yÃ¼kÃ§ekmece,15-04-2023
262,https://hecdn01.hemlak.com/mncropresize/182/137/ds01/2/6/9/5/4/6/0/4/1681566218275-40645962.jpg,bagcÄ±lar yenimahalle'de yatÄ±rÄ±mlÄ±k daire,100 mÂ²,2 + 1,2.100.000 â‚º,Sahibinden SatÄ±lÄ±k Daire,BaÄŸcÄ±lar,16-04-2023
263,https://hecdn01.hemlak.com/mncropresize/182/137/ds01/7/6/3/6/4/6/0/4/1681569965-701643-40646367.jpeg,gÃ¶ztepe en iyi yerinde 3+1 yeni bina,132 mÂ²,3 + 1,3.600.000 â‚º,Sahibinden SatÄ±lÄ±k Daire,BaÄŸcÄ±lar,15-04-2023
264,https://hecdn01.hemlak.com/mncropresize/182/137/ds01/5/5/8/3/4/6/0/4/1681550679-500365-40643855.jpeg,sahibinden iÃ§i sÄ±fÄ±rlanmÄ±ÅŸ daire,165 mÂ²,3 + 1,4.200.000 â‚º,Sahibinden SatÄ±lÄ±k Daire,Maltepe,15-04-2023
